"year","mrate_all_adults","mrate_male_adults","mrate_female_adults","mrate_nsw","mrate_vic","mrate_qld","mrate_nt","mrate_wa","mrate_sa","mrate_tas","mrate_act","pstay_indigenous","pstay_non_indigenous","non_aborig_migration","pstay_aus","pstay_aus_lower","pstay_aus_upper","pstay_os","pstay_os_lower","pstay_os_upper","pstay_nsw","pstay_nsw_lower","pstay_nsw_upper","pstay_vic","pstay_vic_lower","pstay_vic_upper","pstay_qld","pstay_qld_lower","pstay_qld_upper","pstay_wa","pstay_wa_lower","pstay_wa_upper","pstay_sa","pstay_sa_lower","pstay_sa_upper","pstay_act","pstay_act_lower","pstay_act_upper","pstay_tas","pstay_tas_lower","pstay_tas_upper","pstay_nt","pstay_nt_lower","pstay_nt_upper","drate_indigenous","drate_indigenous_lower","drate_indigenous_upper","drate_non_indigenous","drate_non_indigenous_lower","drate_non_indigenous_upper","drate_male","drate_female","drate_nsw","drate_nsw_lower","drate_nsw_upper","drate_vic","drate_vic_lower","drate_vic_upper","drate_qld","drate_qld_lower","drate_qld_upper"
1980,1.29953618070721,1.29953618070721,0.972959864802975,1.2068624185993,0.529669683627032,1.21304310681333,1.74596967610466,1.41799902113492,0.578462334599615,0.41020806717736,1.3250514706682,1,1,1,1,1,1,0.916643614513172,0.831986059334763,1,1,1,1,1,1,1,0.916643614513172,0.831986059334763,1,0.916643614513172,0.831986059334763,1,0.916643614513172,0.831986059334763,1,0.916643614513172,0.831986059334763,1,0.916643614513172,0.831986059334763,1,0.916643614513172,0.831986059334763,1,1.7,1.5,1.9,1,1,1,1,0.580113702285648,0,0,0,0,0,0,0,0,0
1981,1.29603511351845,1.29603511351845,0.97277077163554,1.20377626702141,0.543044488437037,1.20600649464525,1.73843833958379,1.40823657081379,0.578491306501913,0.410294752470909,1.32554321795923,1,1,1,1.09093652556681,1.20194321621155,1,1,1,1,1,1,1,1.09093652556681,1.20194321621155,1,1,1,1,1,1,1,1,1,1,1,1,1,1,1,1,1,1,1,1.7,1.5,1.9,1,1,1,1,0.583158385817588,1,1,1,1,1,1,1,1,1
1982,1.29253404632969,1.29253404632969,0.972581678468106,1.20068720563286,0.556431903823182,1.19896324793299,1.73089990206264,1.39846491586316,0.578520305720675,0.410381519496604,1.32603542889939,1,1,1,1,1,1,0.916643614513172,0.831986059334763,1,1,1,1,1,1,1,0.916643614513172,0.831986059334763,1,0.916643614513172,0.831986059334763,1,0.916643614513172,0.831986059334763,1,0.916643614513172,0.831986059334763,1,0.916643614513172,0.831986059334763,1,0.916643614513172,0.831986059334763,1,1.7,1.5,1.9,1,1,1,1,0.586235197561262,0,0,0,0,0,0,0,0,0
1983,1.28903297914093,1.28903297914093,0.972392585300671,1.19759523031641,0.569831947628901,1.19191335728894,1.7233543534936,1.38868404325885,0.578549332294554,0.410468368370092,1.32652810414472,1,1,1,1,1,1,0.916643614513172,0.831986059334763,1,1,1,1,1,1,1,0.916643614513172,0.831986059334763,1,1,1,1,1,1,1,0.916643614513172,0.831986059334763,1,0.916643614513172,0.831986059334763,1,0.916643614513172,0.831986059334763,1,1.7,1.5,1.9,1,1,1,1,0.589344648750589,1,1,1,1,1,1,1,1,1
1984,1.27657967138592,1.28553191195217,0.972203492133237,1.19450033694703,0.583244637731303,1.18485681330778,1.71580168381009,1.37889393995212,0.578578386262272,0.410555299207239,1.32702124435252,1,0.999909880018054,1.00891265597148,1.00234885640026,1.004745698753,1,0.918796678733879,0.835934414539064,1,0.99992705414906,0.999852618051149,1,0.999292069412465,0.99856967615981,1,1.00234885640026,1.004745698753,1,1.00234885640026,1.004745698753,1,1.00234885640026,1.004745698753,1,1.00234885640026,1.004745698753,1,1.00234885640026,1.004745698753,1,1.00234885640026,1.004745698753,1,1.7,1.5,1.9,0.993761140819964,0.991978609625668,0.99554367201426,1.0161235979121,0.602040287896731,1,1,1,1,1,1,1,1,1
1985,1.2692612886436,1.28203084476341,0.972014398965802,1.19140252139188,0.596669992041271,1.17779360656644,1.70824188292651,1.36909459286958,0.57860746766263,0.41064231212413,1.32751485018129,1,0.99996186726141,1.00376789751319,1.00235775433838,1.00476371956151,1,0.918804834972039,0.83594940760052,1,0.999234280717208,0.998452904161099,1,1.00026893135422,1.00054336176248,1,1.00144957043222,1.00292878138802,1,0.999900315533488,0.999798592739127,1,1.00235775433838,1.00476371956151,1,1.00235775433838,1.00476371956151,1,1.00235775433838,1.00476371956151,1,1.00235775433838,1.00476371956151,1,1.7,1.5,1.9,0.997362471740769,0.996608892238131,0.998116051243406,1.02333293918036,0.609562151048584,1,1,1,1,1,1,1,1,1
1986,1.26638373765254,1.27852977757466,0.971825305798368,1.18830177951034,0.610108028503512,1.17072372762402,1.70067494073823,1.35928598891313,0.578636576534497,0.410729407237068,1.32800892229082,1,0.999963631235992,1.00348432055749,1.00267272155002,1.00540182647494,1,0.919093547655369,0.83648030365686,1,0.999511773927752,0.999013248303846,1,1.00028928503211,1.00058467278241,1,1.00168943715126,1.00341451444179,1,0.997053953557101,0.994045757714062,1,1.00267272155002,1.00540182647494,1,1.00267272155002,1.00540182647494,1,0.919093547655369,0.83648030365686,1,1.00267272155002,1.00540182647494,1,1.7,1.5,1.9,0.997560975609756,0.996864111498258,0.998257839721254,1.02384305648304,0.613153106050449,1,1,1,1,1,1,1,1,1
1987,1.26376261241298,1.2750287103859,0.971636212630933,1.18519810715396,0.623558765096651,1.16364716702179,1.69310084712149,1.34946811495995,0.578665712916817,0.410816584662578,1.32850346134212,1,0.999951693909317,1.00443110348771,1.00313291622553,1.00633489288055,1,0.91951538216611,0.837256601898757,1,0.999553498978075,0.999097155512203,1,0.999968351617751,0.999936005594482,1,1.00240895489168,1.00487101157334,1,1.00313291622553,1.00633489288055,1,1.00313291622553,1.00633489288055,1,1.00114202255745,1.00230921928574,1,1.00313291622553,1.00633489288055,1,1.00313291622553,1.00633489288055,1,1.7,1.5,1.9,0.996898227558605,0.996012006861064,0.997784448256146,1.0225514305322,0.615698115686535,1,1,1,1,1,1,1,1,1
1988,1.26007761057105,1.27152764319714,0.971447119463499,1.18209150016644,0.637022219833327,1.15656391528316,1.68551959193341,1.33964095786237,0.57869487684861,0.410903844517403,1.32899846799744,1,0.999950004507415,1.00454184171682,1.0032382640636,1.00654861367906,1,0.919611948589176,0.837434414623708,1,0.999533586662785,0.999056790706319,1,0.999728766411793,0.999451495013665,1,1.0032382640636,1.00654861367906,1,1.00182883178032,1.00369837436914,1,1.0032382640636,1.00654861367906,1,1.0032382640636,1.00654861367906,1,1.0032382640636,1.00654861367906,1,0.919611948589176,0.837434414623708,1,1.7,1.5,1.9,0.996820710798229,0.995912342454865,0.997729079141592,1.02182233003967,0.618611411817209,1,1,1,1,1,1,1,1,1
1989,1.25657861514867,1.26802657600838,0.971258026296064,1.17898195438361,0.650498410760245,1.14947396291356,1.6779311650119,1.32980450444784,0.578724068368967,0.410991186918509,1.32949394292031,1,0.999941340724987,1.00519848771267,1.00351229571686,1.00710476092689,1,0.919863137954317,0.837897121380838,1,0.999394183334707,0.998774538672311,1,0.999926140399028,0.999850594924413,1,1.00351229571686,1.00710476092689,1,0.999266145576633,0.99851554064536,1,1.00351229571686,1.00710476092689,1,1.00224488423561,1.00454100881255,1,1.00351229571686,1.00710476092689,1,1.00351229571686,1.00710476092689,1,1.7,1.5,1.9,0.996361058601134,0.995321361058601,0.997400756143667,1.02130193418214,0.621683670673327,1,1,1,1,1,1,1,1,1
1990,1.25259558471622,1.26452550881962,0.97106893312863,1.17586946563343,0.663987355958267,1.14237730040048,1.67033555617565,1.31995874151891,0.578753287517054,0.411078611983081,1.3299898867755,1,0.999936499110729,1.00552258489944,1.0037251357775,1.00753693423837,1,0.920058236436814,0.838256683551211,1,0.999497287140605,0.998982879017477,1,0.999758487345195,0.999511356067074,1,1.00301003407373,1.00609009448891,1,1.00180617019629,1.00365435968133,1,1.0033046990974,1.0066862797123,1,1.00155196956086,1.00314004461013,1,0.999740997713659,0.999475969919935,1,1.0037251357775,1.00753693423837,1,1.7,1.5,1.9,0.996134190570392,0.995029673590505,0.99723870755028,1.02227413501419,0.625703351092046,1,1,1,1,1,1,1,1,1
1991,1.24869297324659,1.26102444163086,0.970879839961195,1.17275402973595,0.677489073542513,1.13527391821339,1.66273275522407,1.31010365585311,0.578782534332111,0.411166119828529,1.33048630022905,1,0.99993234794236,1.00572939620978,1.00403224363686,1.00816084965662,1,0.920339744895061,0.838775772481399,1,0.999481249348233,0.998950101615971,1,1.00007162112076,1.00014495383995,1,1.00203956509539,1.00412787162864,1,1.00028989613215,1.00058672018944,1,1.00251056184155,1.00508112098071,1,1.00403224363686,1.00816084965662,1,1.00403224363686,1.00816084965662,1,1.00403224363686,1.00816084965662,1,1.7,1.5,1.9,0.995989422653151,0.994843543411194,0.997135301895108,1.02255310285463,0.629340905252724,1,1,1,1,1,1,1,1,1
1992,1.24463595761685,1.2575233744421,0.97069074679376,1.1696356425033,0.691003581662408,1.1281638068037,1.65512275193723,1.30023923420292,0.578811808853453,0.411253710572483,1.33098318394824,1,0.999929175454346,1.00585306781485,1.00432252385474,1.00875093768118,1,0.920605828403199,0.839266717491616,1,0.999613130867364,0.999216784502702,1,1.00012469528625,1.0002524452648,1,1.00174453809529,1.00353181258621,1,0.999379840728448,0.998744489256708,1,1.00186026810616,1.00376610767561,1,1.0015626327959,1.0031635458068,1,1.00432252385474,1.00875093768118,1,1.00432252385474,1.00875093768118,1,1.7,1.5,1.9,0.995902852529602,0.994732238966631,0.997073466092573,1.02298587024575,0.633114166509314,1,1,1,1,1,1,1,1,1
1993,1.24083946556597,1.25402230725334,0.970501653626326,1.16651429973968,0.704530898501787,1.12104695660472,1.64750553607583,1.29036546329572,0.578841111120468,0.411341384332797,1.33148053860164,1,0.999921742204138,1.00633189141747,1.00457942789301,1.00927346945062,1,0.920841317849422,0.839701456639343,1,0.999553663124285,0.999096155354265,1,1.00068594433977,1.00138905645602,1,1.00381585850051,1.00772722009367,1,0.999345796015284,0.998675218649912,1,1.00298744861461,1.00604966692569,1,1.00457942789301,1.00927346945062,1,1.00457942789301,1.00927346945062,1,1.00109033997453,1.00220796891681,1,1.7,1.5,1.9,0.995567676007774,0.994301297724281,0.996834054291267,1.02315144903061,0.63676341114676,1,1,1,1,1,1,1,1,1
1994,1.23681971323465,1.25052124006458,0.970312560458891,1.16338999724133,0.718071042278963,1.11392335803162,1.63988109738117,1.28048232983371,0.578870441172621,0.411429141227547,1.33197836485908,1,0.999910982364891,1.00700741962078,1.00492081626444,1.00996826276158,1,0.921154249320163,0.840279514988181,1,0.999762375803516,0.999518636685101,1,0.999768402191139,0.999530844540892,1,1.00195764518886,1.00396566760225,1,0.999161864787021,0.998302161352155,1,1.00171025098086,1.00346451284692,1,1.00243270041461,1.00492800292672,1,1.00492081626444,1.00996826276158,1,1.00492081626444,1.00996826276158,1,1.7,1.5,1.9,0.995094806265458,0.993693322341303,0.996496290189612,1.0236693700662,0.64067428343109,1,1,1,1,1,1,1,1,1
1995,1.2330821063826,1.24702017287582,0.970123467291457,1.1602627307965,0.731624031246833,1.10679300148139,1.63224942557506,1.27058982049387,0.57889979904945,0.411516981375037,1.33247666339165,1,0.999903335504784,1.00742228919024,1.00523855741018,1.01061536446563,1,0.921445504712476,0.840817894584922,1,0.999851072599051,0.999698214886999,1,0.999672967194097,0.999337303735543,1,1.00192953239919,1.00390998667416,1,0.998603916873999,0.997170990017594,1,1.003215966483,1.00651680484782,1,1.00070920321031,1.00143712285045,1,1.00523855741018,1.01061536446563,1,1.00523855741018,1.01061536446563,1,1.7,1.5,1.9,0.994804397566829,0.99331993972878,0.996288855404878,1.02381101942729,0.644392635591195,1,1,1,1,1,1,1,1,1
1996,1.2293127899751,1.24351910568707,0.969934374124022,1.15713249618548,0.745189883692925,1.09965587733278,1.62461051035982,1.26068792192788,0.578929184790568,0.41160490489379,1.33297543487173,1,0.999894628249727,1.00775482020502,1.00579858203372,1.01175691590879,1,0.921958847707611,0.841767649471649,1,0.999846471077504,0.999688712409197,1,1.00042168695817,1.00085499145795,1,1.00209682765416,1.00425142323794,1,0.99863871491496,0.997239926213057,1,1.00124498623965,1.00252427204479,1,0.997272507356487,0.994469871864336,1,1.00579858203372,1.01175691590879,1,1.00579858203372,1.01175691590879,1,1.7,1.5,1.9,0.994571625856483,0.993020661815478,0.996122589897488,1.02400444270275,0.648186126536744,1,1,1,1,1,1,1,1,1
1997,1.22542027126675,1.24001803849831,0.969745280956588,1.1539992891805,0.758768617939499,1.09251197594626,1.6169643414182,1.25077662076207,0.578958598435664,0.411692911902558,1.33347467997296,1,0.999885235661337,1.00803948506589,1.0064804831388,1.01314866459208,1,0.922583908001309,0.84292556497424,1,0.999789219707098,0.999572334451825,1,1.0000892716161,1.00018112886224,1,1.0020747412042,1.00420957444455,1,0.998242576536148,0.996434251709706,1,1.00285532248471,1.00579334547279,1,1.00008159181475,1.00016554682462,1,1.0064804831388,1.01314866459208,1,1.00421300813508,1.00854804027808,1,1.7,1.5,1.9,0.994372360453875,0.992764463440696,0.995980257467053,1.0244706515025,0.652196747837092,1,1,1,1,1,1,1,1,1
1998,1.22138543147084,1.23651697130955,0.969556187789153,1.1508631055458,0.772360252343642,1.08536128766402,1.60931090841335,1.24085590359735,0.578988040024504,0.411781002520319,1.33397439937027,1,0.999864957383041,1.00901872365454,1.00717361358633,1.01456532225007,1,0.92321926160007,0.844104204396541,1,0.999859557628749,0.999714845472199,1,1.00021607060405,1.00043871027326,1,1.00230930563863,1.00468881971349,1,0.997202787934759,0.994320533906421,1,1.00045726542743,1.00092843282179,1,0.999726050103682,0.999443771472741,1,0.92321926160007,0.844104204396541,1,1.00534851897794,1.01085964577499,1,1.7,1.5,1.9,0.993686893441819,0.991883148710911,0.995490638172728,1.02510574665264,0.656361727911794,1,1,1,1,1,1,1,1,1
1999,1.21765067522492,1.23301590412079,0.969367094621719,1.14772394103753,0.785964805297325,1.07820380280985,1.60165020098878,1.2309257570092,0.579017509596926,0.411869176866274,1.33447459373988,1,0.999857209548293,1.00918517115667,1.00774139080592,1.01572727401402,1,0.923739710962869,0.845070932065769,1,1.0000529724424,1.00010761788645,1,1.00006816043564,1.0001384735476,1,1.0018209455463,1.00369940108815,1,0.997098644038474,0.99410565602963,1,1.0043326269862,1.00880208912337,1,0.996922992644314,0.99374880573281,1,1.00320075946305,1.00650260688169,1,1.0043813236122,1.00890102033609,1,1.7,1.5,1.9,0.993570380190332,0.991733345958998,0.995407414421666,1.02126663607021,0.657693609009669,1,1,1,1,1,1,1,1,1
2000,1.21384481639588,1.22951483693203,0.969178001454284,1.1445817914038,0.799582295227494,1.07103951168916,1.59398220876829,1.22098616754751,0.579047007192846,0.411957435059852,1.33497526375928,1,0.999843532325765,1.00959736757918,1.00849299821267,1.01726751189336,1,0.924428667092891,0.84635238850944,1,1.0000362916861,1.00007378632441,1,1.00050753774492,1.00103189872731,1,1.0021083654694,1.00428661644648,1,0.996177841424425,0.992228990633299,1,1.00849299821267,1.01726751189336,1,1.00849299821267,1.01726751189336,1,1.00406855973269,1.00827197908368,1,1.00849299821267,1.01726751189336,1,1.7,1.5,1.9,0.993281842694575,0.99136236917874,0.995201316210411,1.02174196323622,0.661835706203015,1,1,1,1,1,1,1,1,1
2001,1.20992416783994,1.22601376974327,0.968988908286849,1.14143665238461,0.813212740596175,1.0638684045889,1.58630692135593,1.21103712173661,0.579076532852256,0.412045777220712,1.33547641010726,1,0.999831683390942,1.00984243280222,1.00928479805184,1.01889268209783,1,0.925154465359438,0.847704507463601,1,1.00022042220283,1.00044851450534,1,0.999803574534834,0.999600313991905,1,1.00195555683489,1.00397916178679,1,0.996315416135771,0.992502618665373,1,0.999983957251677,0.99996735625887,1,0.997617087678443,0.99515125641863,1,1.00928479805184,1.01889268209783,1,1.00928479805184,1.01889268209783,1,1.7,1.5,1.9,0.993110297038443,0.991141810477998,0.995078783598888,1.02231734112336,0.666091569665988,1,1,1,1,1,1,1,1,1
2002,1.20618940202254,1.22251270255451,0.968799815119415,1.13828851971187,0.826856159900524,1.05669047177756,1.57862432833599,1.20107860607519,0.579106086615224,0.412134203468737,1.33597803346391,1,0.999813810491736,1.01064010895472,1.0096794579496,1.01970370782632,1,0.925516227834624,0.848379269563463,1,1.00018627181732,1.00037917882218,1,0.999496277059844,0.998974611007153,1,1.00258825813566,1.00526871260247,1,0.995547572295967,0.990936544685164,1,1.00021612824768,1.00043995519867,1,1.0096794579496,1.01970370782632,1,1.00366779865567,1.0074662479504,1,1.00547129644385,1.01113748591317,1,1.7,1.5,1.9,0.992551923731699,0.990423901940756,0.994679945522642,1.02617802551072,0.672550809746179,1,1,1,1,1,1,1,1,1
2003,1.2025578919987,1.21901163536575,0.96861072195198,1.13513738910933,0.840512571672931,1.04950570350504,1.5709344192729,1.19111060703619,0.579135668521893,0.41222271392404,1.33648013451058,1,0.999800597118302,1.01120965755112,1.00996688727267,1.02029478818279,1,0.925779698088239,0.848871040179998,1,1.0003323860581,1.00067681157212,1,0.999351216653173,0.998678933528578,1,1.0022414746181,1.00456413836607,1,0.996058986071728,0.991975223486373,1,1.00017329926911,1.00035287566345,1,1.00996688727267,1.02029478818279,1,1.00996688727267,1.02029478818279,1,1.00602061277965,1.01225929999516,1,1.7,1.5,1.9,0.992153239714215,0.989911308203991,0.99439517122444,1.02623998156013,0.676582266323926,1,1,1,1,1,1,1,1,1
2004,1.19862252705712,1.21551056817699,0.968421628784546,1.13198325629262,0.854181994481093,1.04231409000272,1.56323718371119,1.18113311106681,0.579165278612484,0.412311308706962,1.33698271392997,1,0.999786744099203,1.01172323656382,1.01036617739424,1.02111648201905,1,0.926145704828513,0.849554677996809,1,1.0002661241783,1.00054210980695,1,1.00036272651717,1.0007388941638,1,1.00213048521615,1.00433991731452,1,0.994966641148403,0.989746767044112,1,1.00083820474034,1.00170746984684,1,1.00121177820231,1.00246845984272,1,1.00499040254962,1.01016572857082,1,1.00443515819947,1.00903466483439,1,1.7,1.5,1.9,0.991793734405323,0.989449087092558,0.994138381718088,1.02675062738907,0.680959429227399,1.36120204818266,1.02205649455869,1.74688441766207,0.375648628613788,0.104897423744349,0.946500483403845,0.791719558636852,0.409177947254581,1.3587422661044
2005,1.19506070291635,1.21200950098824,0.968232535617111,1.12882611696919,0.867864446928122,1.03511562148333,1.5555326111755,1.17114610458838,0.579194916927295,0.412399987938076,1.33748577240603,1,0.999778309841607,1.01205646699733,1.01056144793457,1.02151857195113,1,0.926324698322406,0.849889211214897,1,1.00029748124646,1.00060610738657,1,0.999490332271254,0.998961570254369,1,1.00226333650161,1.00461146706979,1,0.995373306716617,0.990573278121416,1,1.00066048669284,1.001345717984,1,1.0061936164732,1.01261927176481,1,1.0042039573978,1.00856541265028,1,1.01056144793457,1.02151857195113,1,1.7,1.5,1.9,0.991560473101869,0.989149179702404,0.993971766501335,1.02367243269667,0.682994684211817,0.886544685088374,0.5826256873728,1.28094428701287,1.09086035915304,0.761032962648761,1.49887754041963,1.11613876319759,0.778708026975365,1.53328723391398
2006,1.19105866831855,1.20850843379948,0.968043442449677,1.1256659668383,0.881559947652594,1.02791028814092,1.54782069117045,1.16114957399636,0.579224583506699,0.412488751738181,1.33798931062406,1,0.99976321954623,1.0124967839159,1.01111680300153,1.02266300908884,1,0.926833760998322,0.850841366959252,1,1.00019490982429,1.00039734833106,1,0.999942072498463,0.999881907460837,1,1.00246206674806,1.00501923449404,1,0.994074702348884,0.987920531244202,1,1.00115870386074,1.00236216438517,1,1.00143564277143,1.00292673938476,1,1.00254564618764,1.00518962175362,1,0.998072998881983,0.996071564473543,1,1.7,1.5,1.9,0.991252251258867,0.988752894475686,0.993751608042048,1.0244072841591,0.687613964397303,0.578404017857143,0.314248054866391,0.97461946769096,1.72176079734219,1.4162997070194,2.05160217591492,1.00048262548263,0.687142593200953,1.39549538563366
2007,1.18726731054266,1.20500736661072,0.967854349282242,1.12250280159102,0.895268515328653,1.02069808015086,1.54010141318066,1.15114350566023,0.579254278391147,0.41257760022831,1.33849332927064,1,0.999750653329832,1.0127111142584,1.01178077868973,1.02403299899759,1,0.927442390073107,0.851981179464764,1,1.00028297041147,1.00057726469483,1,1.00000902931441,1.00001841996271,1,1.00247099462819,1.00504087318728,1,0.992448805480379,0.984595428273441,1,1.00097158647779,1.00198205377266,1,0.996867283141669,0.993609201641175,1,1.00107114204,1.00218514889818,1,1.00560967708364,1.0114438414708,1,1.7,1.5,1.9,0.99110222001912,0.98855999716744,0.9936444428708,1.02485311779651,0.692094217852854,0.688686491824866,0.419701629968373,1.05861752863555,0.447008547008547,0.172972311418882,0.95271132368334,1.81282495667244,1.51453059563716,2.12899884122793
2008,1.18345055141458,1.20150629942196,0.967665256114808,1.11933661691018,0.908990168666109,1.01347898766973,1.53237476667067,1.14112788592346,0.579284001621168,0.412666533529725,1.33899782903366,1,0.999738837404768,1.01292617036556,1.01236400694422,1.02523792532309,1,0.927977002528385,0.852983661370103,1,1.00045686276179,1.00093256727507,1,0.999937153554214,0.999871715220421,1,1.00246101846212,1.00502353326441,1,0.992490617738595,0.984671536534159,1,1.00096035769883,1.0019603220862,1,0.996844557856248,0.993558980228285,1,0.995053852192252,0.989903717332731,1,1.00410875651223,1.00838696471899,1,1.7,1.5,1.9,0.99095168074411,0.988366446670998,0.993536914817221,1.02451538371717,0.696096877100944,0.762330754352031,0.482357436049474,1.13153612508815,0.711697985441002,0.354817548743497,1.26297783869696,1.71535825036723,1.35889486921723,2.10642975985537
2009,1.17970038232078,1.1980052322332,0.967476162947373,1.11616740847036,0.922724926410493,1.00625300083534,1.52464074108487,1.13110270110343,0.579313753237368,0.412755551763921,1.33950281060233,1,0.999721981054036,1.01330164702776,1.01305556902539,1.02666853964681,1,0.928610918494133,0.854173912543722,1,1.00064934338683,1.00132641019495,1,1.00001549207988,1.00003164558707,1,1.00269137202853,1.0054976509647,1,0.990934742092747,0.981482447112193,1,1.00039484348605,1.00080654463559,1,0.999141393653764,0.998246129499138,1,1.0002906799916,1.00059377043355,1,0.997079554060018,0.994034421005682,1,1.7,1.5,1.9,0.990688847080569,0.988028517675017,0.993349176486121,1.0256892553644,0.701182154337162,1.25737974412122,0.971905234428045,1.57312121077484,0.200236751047168,0.0173501798533163,0.791427700979477,0.663348416289593,0.284557343381425,1.28470621882351
2010,1.17591537908177,1.19450416504444,0.967287069779939,1.11299517193788,0.936472807343157,0.999020109766629,1.51689932584751,1.12106793749136,0.57934353328043,0.412844655052624,1.34000827466719,1,0.999706235428381,1.0135902507497,1.01376481609661,1.02813785533578,1,0.929261045293082,0.855396362713708,1,1.00086824760636,1.00177486029395,1,1.00018880045933,1.00038594340633,1,1.00247600676605,1.00506142034188,1,0.98897374883359,0.977460282938855,1,1.00063247333661,1.00129289364451,1,0.998772211599214,0.997490171160894,1,0.996019024227873,0.991862141885143,1,1.00419835147735,1.00858221466158,1,1.7,1.5,1.9,0.990486824475212,0.987768774325273,0.993204874625152,1.02610994638323,0.705812316950906,0.7924591819559,0.552525571003025,1.09203421861997,1.05430522897772,0.735427330132125,1.45012130718442,1.03896595208071,0.682962314786749,1.5002868635667
2011,1.17233006173058,1.19100309785568,0.967097976612504,1.10981990297078,0.950233830281377,0.991780304563656,1.50915051036262,1.1110235813523,0.579373341791114,0.412933843517793,1.34051422192008,1,0.999694805908027,1.01385766636898,1.01416933561453,1.02897684224736,1,0.929631845526127,0.85609438812811,1,1.00090318290013,1.00184704414727,1,1.00035746356969,1.0007310268985,1,1.00262619903001,1.00537067912519,1,0.988547265115868,0.97657871187002,1,0.998760504712026,0.997465183943477,1,1.01111376368363,1.02272807884546,1,1.01416933561453,1.02897684224736,1,1.00369566427614,1.00755777713524,1,1.7,1.5,1.9,0.990299633541712,0.987528100267915,0.993071166815508,1.02625776546564,0.710311299464035,0.528351629354309,0.29956891815494,0.856800160529533,1.54287877831766,1.20926317433647,1.91587086917461,1.41268236313737,1.01295484617257,1.89148503582071
2012,1.16873091162462,1.18750203066692,0.966908883445069,1.10664159721879,0.964008014078405,0.984533575307543,1.50139428401394,1.10096961892498,0.579403178810261,0.41302311728162,1.34102065305418,1,0.99967517346903,1.01442093706418,1.01466664831667,1.03000924429741,1,0.930087704038962,0.856953332241382,1,1.00104150079847,1.00213100165918,1,1.00041497269136,1.00084907039446,1,1.00274004930815,1.00560638036039,1,0.988235728229889,0.975929271779903,1,0.998440471956442,0.996809069322635,1,0.995531140561536,0.990856323017768,1,1.00363461210654,1.00743673402923,1,0.992347204687834,0.984341711949294,1,1.7,1.5,1.9,0.989905344055073,0.987021156642236,0.992789531467909,1.02640421936364,0.714865732945843,1.03224872626216,0.751702274943028,1.35813605389159,0.791669904421478,0.421332386539882,1.32463276966272,1.2361677344205,0.756472556759725,1.86220822912459
2013,1.16514856282505,1.18400096347816,0.966719790277635,1.10346025032331,0.977795377623581,0.97727991206043,1.49363063616492,1.09090603642183,0.579433044378787,0.413112476466533,1.34152756876398,1,0.99966140754071,1.01468903905624,1.01518864596941,1.03109403074654,1,0.930566189854132,0.857855859444408,1,1.00112383117046,1.00230069494269,1,1.00045062380763,1.00092251215531,1,1.00258904204643,1.00530025870363,1,0.988272271254697,0.975991121333136,1,0.998588524927629,0.99711044359144,1,1.00237882463086,1.00486990389805,1,1.00377133046179,1.00772062668196,1,0.989642244123287,0.978795714881743,1,1.7,1.5,1.9,0.989717672660635,0.986779864849387,0.992655480471882,1.02654192228572,0.719471490247914,0.724418438704153,0.463455911990882,1.06528051238778,0.933259790402648,0.597227159628399,1.37044115088403,1.41235392320534,0.974881274132683,1.94741906307874
2014,1.16151946630061,1.18049989628941,0.9665306971102,1.1002758579174,0.9915959398424,0.970019304865427,1.48585955615862,1.08083282002887,0.579462938537688,0.413201921195191,1.34203496974532,1,0.999643824759824,1.01509840183279,1.0157240722202,1.03220793810718,1,0.931056984907966,0.858782614839852,1,1.00118111633277,1.00241930469478,1,1.0004914353056,1.00100661696823,1,1.00272336783445,1.00557832992793,1,0.987907495008347,0.975230675178948,1,0.998085095696821,0.996077662426485,1,1.002951020255,1.00604463502806,1,1.00038171411664,1.00078187281713,1,0.98971189479295,0.978926664091313,1,1.7,1.5,1.9,0.98943111871705,0.986411438350493,0.992450799083607,1.0267280775571,0.724169895300536,0.738194859533772,0.50672723299309,1.03252516318752,1.36589861751152,1.09373573768213,1.67010315937751,0.897094430992736,0.538515651028041,1.39693102505938
2015,1.15798453179822,1.17699882910065,0.966341603942766,1.09708841562577,1.00540971969663,0.962751743746579,1.4780810333177,1.07074995590566,0.579492861328038,0.41329145159049,1.34254285669534,1,0.999621669093054,1.01567716262052,1.01626225681954,1.03332882529983,1,0.931550308384379,0.859715177358227,1,1.00119284736166,1.00244469151897,1,1.00050976850185,1.00104474954061,1,1.002782471198,1.00570256007448,1,0.987872306533163,0.975144791935618,1,0.997925219200955,0.995747822239301,1,0.996496135518004,0.992818974113457,1,1.01100427381322,1.02255280577242,1,0.989638501597062,0.978764535946756,1,1.7,1.5,1.9,0.989025986165638,0.985890553641535,0.992161418689742,1.02678927992184,0.728839636514654,1.29891304347826,0.97473062767575,1.65084796554618,0.533958891867739,0.170606901467208,1.19192345157171,0.687967760506621,0.219833177986058,1.53319961594833
2016,1.15450722257001,1.17349776191189,0.966152510775331,1.0938979190647,1.01923673618436,0.955477218708806,1.47029505694436,1.06065743018522,0.579522812790989,0.413381067775561,1.34305123031256,1,0.999592579166496,1.01639853085717,1.01696912837984,1.03480293424837,1,0.932198257686405,0.860941615453351,1,1.00124661267299,1.00255674763724,1,1.00036752748273,1.00075378266519,1,1.00268512899966,1.0055070812084,1,0.988459231970154,0.976330393528305,1,0.997883289071667,0.995658719198029,1,0.998265235201927,0.996442073873668,1,1.00667902268873,1.01369838109984,1,0.988568735152596,0.976554979728211,1,1.7,1.5,1.9,0.988521028399979,0.985241322228545,0.991800734571414,1.02635684072248,0.733216774340962,0.406562291805463,0.169325071491688,0.811175624025362,1.48619943174131,1.17126641452529,1.83208376184702,0.895286997982762,0.462774424600738,1.53643715880206
2017,1.15098423832271,1.16999669472313,0.965963417607897,1.09070436384213,1.0330770083401,0.948195719737864,1.46250161632028,1.05055522897402,0.579552792967775,0.413470769873772,1.3435600912968,1,0.999575187220431,1.0166733527229,1.0175978456388,1.03611587115178,1,0.932774567347171,0.862033960653773,1,1.00119486246853,1.00245220351646,1,1.00045209344969,1.00092782657109,1,1.00273331616326,1.0056095556465,1,0.988619990251553,0.976644927213442,1,0.998175693132776,0.996255994448963,1,0.997320226922622,0.994500330258315,1,1.00201805983014,1.00414164269296,1,0.989323419541593,0.978088567652442,1,1.7,1.5,1.9,0.988328653093973,0.984993982549393,0.991663323638552,1.02591917600494,0.737646804720259,0.780943336498892,0.544486845871535,1.07638083183147,0.618543776953164,0.341363367099387,1.02763048849652,1.28657105606258,0.897772876370221,1.76712373377695
2018,1.14755673029345,1.16649562753437,0.965774324440462,1.08750774555751,1.0469305552349,0.940907236800301,1.45470070070659,1.04044333835183,0.579582801899704,0.413560558008727,1.34406944034924,1,0.999553122354411,1.01705626860573,1.01831395390065,1.03761338603108,1,0.933430983412691,0.863279872156997,1,1.00111135291799,1.00228250800171,1,1.000420236679,1.00086308639398,1,1.00287084138268,1.00589616342525,1,0.988657249590411,0.976704143074484,1,0.998701724189733,0.997333587848299,1,0.997651651873975,0.995176938574887,1,1.0015013848668,1.00308355961157,1,0.98885684998702,0.977114084412675,1,1.7,1.5,1.9,0.988060611975989,0.984649358254844,0.991471865697135,1.02550172994973,0.742149174952762,0.895192307692308,0.624891927883878,1.22455834694655,0.953784860557769,0.617694125409159,1.38497189987052,1.24471403812825,0.806415576052852,1.80382119372016
2019,1.1440766867939,1.16299456034561,0.965585231273028,1.08430805980189,1.0607973959764,0.933611759843409,1.44689229934379,1.03032174437175,0.579612839628168,0.413650432304267,1.34457927817241,1,0.99953642571527,1.01713351343666,1.01916375333723,1.03939335618538,1,0.934209946639851,0.864760782511409,1,1.00113940426593,1.00234217991106,1,1.00039847892375,1.00081912044574,1,1.00271441494484,1.00557980020278,1,0.989079888604751,0.977552422523551,1,0.998485190547096,0.996886130431699,1,0.997857878006777,0.995596615486194,1,1.01296920493221,1.02665973102165,1,0.988506510050785,0.97637377525086,1,1.7,1.5,1.9,0.988006540594341,0.98457983790701,0.991433243281672,1.02791422067809,0.748772013897208,1.1475575803594,0.873458944497633,1.45662790059345,1.0351598173516,0.688728567707048,1.46586956191455,0.235410176531672,0.0200883160308036,0.942400688566659
2020,1.1405496767446,1.15949349315685,0.965396138105593,1.08110530215784,1.07467754970889,0.926309278795176,1.43907640145176,1.02019043306007,0.579642906194636,0.413740392884469,1.34508960547019,1,0.999879797895072,1.01713424530489,1.00701531364754,1.01412975193667,1,0.976955201624438,0.953584785964399,1,1.00046202157071,1.0009305713916,1,1.00008788042411,1.00017700257681,1,1.00090835711586,1.00182954909243,1,0.996148287504152,0.992242151266205,1,0.999474549244482,0.998941674000133,1,1.00128957802409,1.00259737746576,1,1.00473803243367,1.00954301209029,1,0.999770055877866,0.999536862702328,1,1.7,1.5,1.9,0.988006028286575,0.984579179225597,0.991432877347554,1.02740654804056,0.753341067634961,0.528161802355351,0.239557713582698,0.974308915621438,1.93044291952589,1.65715813194743,2.1995728059351,0.329658037711729,0.0302094631868708,1.23482458496138
2021,1.13715091238529,1.15599242596809,0.965207044938159,1.07789946819943,1.08857103561351,0.918999783564242,1.43125299622962,1.01004939041625,0.579673001640657,0.413830439873653,1.34560042294779,1,0.999876398587032,1.0172417725272,1.0071687184582,1.01444096009358,1,0.97710402719412,0.953877414558646,1,1.0004403108329,1.00088698017696,1,1.00011789126633,1.00023748499572,1,1.00092392947633,1.00186120138136,1,0.996212153136703,0.992369606128012,1,0.999395528890339,0.998782328637506,1,0.998407008432668,0.996791012537683,1,1.00299306689374,1.00602935654706,1,0.999843311449693,0.999684360166284,1,1.7,1.5,1.9,0.987930759230962,0.984482404725523,0.991379113736402,1.02689264166389,0.757966225025013,0.370527045769764,0.152290080066451,0.747886250654139,1.72354838709677,1.48975747605054,1.95985969810711,1.10483870967742,0.64820251337207,1.72599218922455
2022,1.13364789486767,1.15249135877933,0.965017951770724,1.07469055349224,1.10247787290821,0.911683264039852,1.42342207285576,0.99989860241284,0.579703126007861,0.413920573396375,1.34611173131181,1,0.999788915356935,1.01746461235716,1.00781602272931,1.01582329241928,1,0.976039545395215,0.951492812541513,1,1.0005433323077,1.00109995918428,1,1.00005088702029,1.00010301917359,1,1.00090839996142,1.00183902717802,1,0.996100533086875,0.992105651763997,1,0.999194297766201,0.998368881144567,1,0.998973872514605,0.997922637148946,1,1.00127380680758,1.00257878185621,1,0.999989304174114,0.99997834663658,1,1.7,1.5,1.9,0.987774771349985,0.984281848878553,0.991267693821418,1.02637238602218,0.7626485258004,0.876182391462527,0.566737563501093,1.25614692499597,1.33466748768473,0.953904411322297,1.76643774350409,0.83461686561417,0.378626707297327,1.53138525453402
2023,1.13013937048932,1.14899029159058,0.964828858603289,1.07147855359333,1.11639808084791,0.90435971009181,1.41558362048777,0.989738054995408,0.579733279337956,0.414010793577428,1.34662353127017,1,0.999780793201489,1.01747826086957,1.00826936412675,1.01674878621246,1,0.976478592921234,0.952359696278905,1,1.00070194721399,1.00142172525474,1,0.999955804158139,0.999910485655794,1,1.00078245588474,1.00158478767331,1,0.995974506974782,0.991846758584367,1,0.998942421913145,0.997857979282539,1,1.00175075173445,1.00354597597372,1,1.00558282008121,1.01130745466878,1,0.996140355032274,0.992182667563113,1,1.7,1.5,1.9,0.987765217391304,0.984269565217391,0.991260869565217,1.02584566271717,0.76738903554546,0.650608272506083,0.358559169773133,1.053779335695,1.5367816091954,1.23134673958522,1.85560461467151,0.87672131147541,0.38964026776404,1.6354435455861
2024,1.12665152556993,1.14548922440182,0.964639765435855,1.06826346405119,1.13033167872457,0.897029111570426,1.40773762826236,0.979567734082488,0.579763461672732,0.414101100541851,1.34713582353218,1,0.999774373019164,1.01742896376888,1.00867149663231,1.01757045188251,1,0.976868046173681,0.953129327163726,1,1.00084820329342,1.00171865547386,1,0.999868566397265,0.999733685211385,1,1.00072384908543,1.00146668517155,1,0.995918123951827,0.991729177818327,1,0.998660610964561,0.997286088942079,1,0.998786640408682,0.997541453659107,1,1.00170261306568,1.00344988670509,1,0.995568951499542,0.991021673908481,1,1.7,1.5,1.9,0.987799725361783,0.984313932608007,0.991285518115559,1.02531235038841,0.772188846504301,1.3343685300207,0.967113711936137,1.72724345867426,1.13568281938326,0.715996017860483,1.62946931676895,0.400310559006211,0.0410766768084874,1.35321406343002
