stage,year,population,value,lower,upper
infected,1980,female,0,0,0
infected,1981,female,0,0,0
infected,1982,female,0,0,0
infected,1983,female,0,0,0
infected,1984,female,44.82490758388953,37.839198492155866,52.47305366170771
infected,1985,female,215.4433248604768,181.47138111321624,247.1317109136518
infected,1986,female,312.1322743552832,264.1056036926914,353.87383318976117
infected,1987,female,409.7076111080511,352.2524788904918,459.72435492995766
infected,1988,female,497.0782646131027,435.1876706961939,551.9215912708338
infected,1989,female,560.0191903178436,498.2028045843657,614.8822254675433
infected,1990,female,641.2809412668171,577.1278966218812,701.8470189869953
infected,1991,female,697.9648018618732,637.2749043097114,761.6574165909062
infected,1992,female,773.0403669439629,712.6172679854624,842.2944345862222
infected,1993,female,806.8019357266545,747.1577431077319,879.2617254685844
infected,1994,female,864.926935793045,798.4238820274268,942.6098605551416
infected,1995,female,894.5392690739536,824.7618199510043,974.4001203750782
infected,1996,female,939.3558059073956,866.5465489595578,1022.676592574598
infected,1997,female,1009.7062350663358,933.589357147772,1101.140983968863
infected,1998,female,1102.3039457304783,1022.4505591602592,1200.6863126046967
infected,1999,female,1166.7539449517974,1081.9015121375032,1266.7207967065806
infected,2000,female,1228.4369948927251,1131.1868486543344,1332.6988649204377
infected,2001,female,1320.260180167731,1208.3255875791604,1431.5284308027071
infected,2002,female,1395.18248763233,1276.4487397773134,1514.9476593972222
infected,2003,female,1473.405181060294,1350.1706407574472,1601.3046402929554
infected,2004,female,1595.4110346984578,1461.7523456876404,1738.7568964815505
infected,2005,female,1671.611611029515,1527.689838485814,1825.668896594866
infected,2006,female,1802.6495293798016,1646.5824971637776,1969.0899490327463
infected,2007,female,1916.8826209210008,1745.3636887705666,2095.0901575123157
infected,2008,female,2031.9098757903805,1839.745674131333,2229.7050176841144
infected,2009,female,2150.2238046130024,1942.211350368901,2367.262933058388
infected,2010,female,2262.295293014566,2033.769917108296,2502.870886137675
infected,2011,female,2369.042066620902,2117.3122345172997,2631.5944489398557
infected,2012,female,2484.871790116499,2210.2904106816545,2775.0625750157183
infected,2013,female,2609.7130861945443,2315.581866159416,2924.3216876435135
infected,2014,female,2750.808047744607,2434.2243691977083,3091.1709976422917
infected,2015,female,2887.6382288990467,2550.8405096330034,3251.362840041635
infected,2016,female,3009.0136374341214,2660.0550643621464,3381.4399415766316
infected,2017,female,3154.7147180027782,2796.2021825749102,3528.337816671461
infected,2018,female,3296.4717606469053,2938.409698651412,3653.2869862784983
infected,2019,female,3472.760657296546,3123.5503857324156,3807.4933513750752
infected,2020,female,3633.9191137203225,3286.6074780449876,3964.380586092601
infected,2021,female,3748.1575801932063,3399.699773276029,4076.991056949166
infected,2022,female,3908.74818970717,3571.4811783460336,4205.949640226243
infected,2023,female,4083.673288400374,3752.8568814501423,4363.697082268674
pldhiv,1980,female,0,0,0
pldhiv,1981,female,0,0,0
pldhiv,1982,female,0,0,0
pldhiv,1983,female,0,0,0
pldhiv,1984,female,11.213513255794478,10.717285750539714,13.27990823768538
pldhiv,1985,female,80.40987305058187,77.6389347777687,86.44629901775562
pldhiv,1986,female,136.4152417198064,129.9832277939765,144.9205794266028
pldhiv,1987,female,200.51276421028624,191.08739530253015,212.7948499400449
pldhiv,1988,female,264.93849368974935,252.93907697990693,280.00782487378785
pldhiv,1989,female,318.0355438083033,303.29054642072856,335.24802299110337
pldhiv,1990,female,381.04917358411376,362.6897981185491,405.53077706552494
pldhiv,1991,female,431.1187818124837,409.7227572215242,459.5028985101253
pldhiv,1992,female,493.6177493865206,468.544048942116,526.1982701575522
pldhiv,1993,female,528.0317757112504,500.12940350353017,563.715072066173
pldhiv,1994,female,577.2787968351643,543.7071660227643,617.1113927461427
pldhiv,1995,female,606.9709690172909,569.6532629511937,649.8307046310113
pldhiv,1996,female,647.4172332108593,606.5346151249477,693.9840841091146
pldhiv,1997,female,711.2305378028951,666.1792213044685,762.4064821083346
pldhiv,1998,female,789.4858532156536,740.036217440217,845.1543324569012
pldhiv,1999,female,847.2796108746251,793.7090273543755,907.43016139465
pldhiv,2000,female,903.073086286162,844.1225106854129,968.7148506387506
pldhiv,2001,female,979.9167007780628,914.3945366322456,1052.709615533466
pldhiv,2002,female,1043.8000689437963,970.8954878577956,1123.1867841429334
pldhiv,2003,female,1112.6056170001696,1032.9295138526616,1199.950201009054
pldhiv,2004,female,1220.3339642859803,1128.42853427108,1319.870448173445
pldhiv,2005,female,1294.4271906223123,1190.5073457757485,1406.1097704555716
pldhiv,2006,female,1414.8592559376402,1296.4133752028818,1541.0937144277923
pldhiv,2007,female,1528.4939175450568,1394.884377192899,1670.4767608652369
pldhiv,2008,female,1644.6542487512952,1493.2554307208145,1804.066068627539
pldhiv,2009,female,1764.2996086254614,1594.5093508541183,1942.3060186210864
pldhiv,2010,female,1881.8299471622877,1691.6062713132349,2081.337269103209
pldhiv,2011,female,1996.8566511806791,1786.6667675633544,2217.3472349721155
pldhiv,2012,female,2120.1247145252114,1889.895988850497,2362.5922403316104
pldhiv,2013,female,2252.2568304244596,2000.7993296697048,2518.285495443941
pldhiv,2014,female,2399.023644205286,2124.928431826042,2689.533935606331
pldhiv,2015,female,2541.297871854153,2244.606455410669,2856.6055613677495
pldhiv,2016,female,2670.3060198299804,2359.582851399788,2999.5312286645435
pldhiv,2017,female,2820.002768841972,2503.728523805014,3150.959611243336
pldhiv,2018,female,2968.8584991879693,2656.899250430116,3288.681596282015
pldhiv,2019,female,3149.6519807126483,2851.106591327062,3446.720246272159
pldhiv,2020,female,3316.6449760213804,3028.4723406399016,3595.6819503306374
pldhiv,2021,female,3435.085054825427,3159.8355097333774,3691.4396800691657
pldhiv,2022,female,3619.426790399805,3372.5621836587643,3831.894359173437
pldhiv,2023,female,3850.784181459621,3633.7571562652392,4019.697336381168
retained,2013,female,2139.6439889032367,1828.7305873181103,2488.0660694986136
retained,2014,female,2284.0304441930457,1947.8510625072056,2658.1560396909235
retained,2015,female,2424.737009465109,2102.22222222222,2824.230698338915
retained,2016,female,2553.346616161427,2255.27222222222,2966.5363851492334
retained,2017,female,2702.314653288967,2437.53888888889,3117.3493753900734
retained,2018,female,2851.09377872018,2559.79444444444,3254.6985531204346
retained,2019,female,3031.225066237853,2772.08888888889,3412.2530438094373
retained,2020,female,3207.195691812675,3009.23333333333,3477.0244459697265
retained,2021,female,3321.727248016188,3066.23333333333,3569.622170626883
retained,2022,female,3499.9857063166114,3274.66666666667,3705.4418453207136
retained,2023,female,3723.7083034714537,3623.26111111111,3887.047324280589
numART,2000,female,752.262995074694,628.492172600813,956.724252506196
numART,2001,female,817.194407131517,643.224460810893,987.156470489432
numART,2002,female,823.47030569463,662.599898006986,1024.19222884416
numART,2003,female,865.711930638661,688.750284110033,1068.98141089971
numART,2004,female,917.005332356413,723.823220423615,1122.73639308892
numART,2005,female,1020.19558757683,770.468224613663,1186.66557985627
numART,2006,female,1142.0928481296,831.008439556309,1261.87427966979
numART,2007,female,1198.81731591159,909.109135672169,1349.23162103427
numART,2008,female,1231.04164122603,1008.04073508422,1449.20980678465
numART,2009,female,1315.5248911141,1130.39597583574,1561.71306666766
numART,2010,female,1496.56042658851,1277.32003557835,1685.92616056571
numART,2011,female,1643.33339602672,1447.62110061688,1821.85285202638
numART,2012,female,1808.04512143871,1637.11859277916,1967.88828460597
numART,2013,female,1789.03888888889,1508.5841957198,2074.77688533574
numART,2014,female,1903.03888888889,1889.46111111111,1948.31831740782
numART,2015,female,2120.5,2102.22222222222,2174.00809896267
numART,2016,female,2274.59444444444,2255.27222222222,2333.67173362287
numART,2017,female,2466.52222222222,2437.53888888889,2539.2575651156
numART,2018,female,2587.73333333333,2559.79444444444,2663.45768911056
numART,2019,female,2806.55555555556,2772.08888888889,2884.11768009295
numART,2020,female,3024.11666666667,3009.23333333333,3079.3704797048
numART,2021,female,3126.28888888889,3066.23333333333,3139.63715215034
numART,2022,female,3287.72222222222,3274.66666666667,3360.31313832042
numART,2023,female,3623.26111111111,3623.26111111111,3685.58364624321
suppressed,2003,female,410.074072407787,257.09638496362,613.690348667213
suppressed,2004,female,503.453907960384,327.496987523354,724.821588149754
suppressed,2005,female,593.379066243667,372.881805974012,806.098977718517
suppressed,2006,female,779.69800208848,492.988700040537,974.347527133168
suppressed,2007,female,876.912666268662,589.009195449413,1099.71260160232
suppressed,2008,female,971.28056096733,718.120266276075,1254.42085195004
suppressed,2009,female,1020.45388749972,787.508855689562,1334.85160512243
suppressed,2010,female,1247.13368882376,977.049922159289,1520.27528546059
suppressed,2011,female,1287.6866162896,1033.39551088543,1554.59879034597
suppressed,2012,female,1531.65605828884,1294.70527369242,1777.83672454968
suppressed,2013,female,1589.08748366013,1268.52652519313,1941.15789109081
suppressed,2014,female,1765.46981258367,1678.4389538459,1884.22929388606
suppressed,2015,female,1984.57051282051,1886.66347893936,2118.20867234389
suppressed,2016,female,2136.74023569024,2036.4807696857,2277.19968223638
suppressed,2017,female,2411.71061728395,2330.88128026179,2537.51011177361
suppressed,2018,female,2514.21818181818,2424.24298544964,2653.16571252949
suppressed,2019,female,2703.69749854567,2596.62485439009,2855.27146966764
suppressed,2020,female,2961.54873563218,2877.25343404681,3087.00424920683
suppressed,2021,female,3042.54900793651,2892.41669391142,3149.42001203898
suppressed,2022,female,3239.01522633745,3159.41782659554,3379.01139237758
suppressed,2023,female,3505.43148148148,3391.85366036122,3681.25870375948
