year,notifications,annunique,cumunique,propunique,unique,duplicates,totalnotifications,cumpropunique,cum_unique,cumduplicates,propunique_replace,unique_replace,duplicates_replace,cumpropunique_replace,cum_unique_replace,cumduplicates_replace
1980,0,0,0,0,0,0,0,0,0,0,0,0,0,0,0,0
1981,0,0,0,0,0,0,0,0,0,0,0,0,0,0,0,0
1982,0,0,0,0,0,0,0,0,0,0,0,0,0,0,0,0
1983,0,0,0,0,0,0,0,0,0,0,0,0,0,0,0,0
1984,14.5,0.7811710728050223,0.7811710728050223,0.7811710728050223,11.319800742771466,3.1801992572285345,14.5,0.7811710728050223,11.319800742771466,3.1801992572285345,0.7811710728050223,11.319800742771466,3.1801992572285345,0.7811710728050223,11.319800742771466,3.1801992572285345
1985,85.9,0.8286571569279014,0.8217242891594354,0.8286571569279014,71.1896364171767,14.710363582823295,100.4,0.8217242891594354,82.50943715994818,17.890562840051825,0.8286571569279014,71.1896364171767,14.710363582823295,0.8217242891594354,82.50943715994818,17.890562840051825
1986,65.1,0.9348694994750496,0.8662898372519219,0.9348694994750496,60.867082717743834,4.232917282256165,165.5,0.8662898372519219,143.376519877692,22.12348012230799,0.9348694994750496,60.867082717743834,4.232917282256165,0.8662898372519219,143.376519877692,22.12348012230799
1987,74.1,0.9544549682817894,0.8935733145294709,0.9544549682817894,70.72815144203679,3.371848557963216,239.6,0.8935733145294709,214.1046713197288,25.495328680271207,0.9544549682817894,70.72815144203679,3.371848557963216,0.8935733145294709,214.1046713197288,25.495328680271207
1988,72.4,1.0050095653385285,0.9194382932159385,1.0050095653385285,72.76345275437562,-0.3634527543756178,312,0.9194382932159385,286.8681240741044,25.13187592589559,1.0050095653385285,72.76345275437562,-0.3634527543756178,0.9194382932159385,286.8681240741044,25.13187592589559
1989,66.3,1.0234967278785767,0.9376793088854951,1.0234967278785767,67.85712496591859,-1.5571249659185924,378.3,0.9376793088854951,354.725249040023,23.574750959976996,1.0234967278785767,67.85712496591859,-1.5571249659185924,0.9376793088854951,354.725249040023,23.574750959976996
1990,83.7,0.9901411968517204,0.9471816223154838,0.9901411968517204,82.87594313071632,0.8240568692836746,462,0.9471816223154838,437.60119217073935,24.39880782926067,0.9901411968517204,82.87594313071632,0.8240568692836746,0.9471816223154838,437.60119217073935,24.39880782926067
1991,78,0.9506860721287523,0.9476928841802791,0.9506860721287523,74.15414158739938,3.8458584126006143,540,0.9476928841802791,511.7553337581387,28.244666241861285,0.9506860721287523,74.15414158739938,3.8458584126006143,0.9476928841802791,511.7553337581387,28.244666241861285
1992,87.2,1.034019642473295,0.9596868448236184,1.034019642473295,90.16233735402001,-2.9623373540200078,627.2,0.9596868448236184,601.9176711121587,25.282328887841278,1.034019642473295,90.16233735402001,-2.9623373540200104,0.9596868448236184,601.9176711121587,25.282328887841278
1993,66.3,1.0320377615523169,0.9666022923987815,1.0320377615523169,68.42199688706481,-2.121996887064813,693.5,0.9666022923987815,670.3396679992236,23.160332000776464,1.0320377615523169,68.42199688706481,-2.121996887064813,0.9666022923987815,670.3396679992236,23.160332000776464
1994,86.7,1.0183938379887203,0.972358911862316,1.0183938379887203,88.29539045878187,-1.595390458781867,780.2,0.972358911862316,758.6350584580055,21.564941541994596,1.0183938379887203,88.29539045878187,-1.5953904587818655,0.972358911862316,758.6350584580055,21.564941541994596
1995,70.9,0.9573444887214599,0.9711096425314484,0.9573444887214599,67.87589776652051,3.0241022334794936,851.1,0.9711096425314484,826.5109562245259,24.58904377547409,0.9573444887214599,67.87589776652051,3.0241022334794936,0.9711096425314484,826.5109562245259,24.58904377547409
1996,74.5,0.9879997678052839,0.972469147503092,0.9879997678052839,73.60616015867082,0.8938398413291793,925.6,0.972469147503092,900.1171163831967,25.48288361680327,0.9879997678052839,73.60616015867082,0.8938398413291793,0.972469147503092,900.1171163831967,25.48288361680327
1997,82.9,1.0107346435723017,0.9756133347225633,1.0107346435723017,83.78816543728749,-0.8881654372874891,1008.5,0.9756133347225633,983.9052818204842,24.59471817951578,1.0107346435723017,83.78816543728749,-0.8881654372874905,0.9756133347225633,983.9052818204842,24.59471817951578
1998,94.6,1.0058116957604166,0.9782030439698864,1.0058116957604166,95.14906955551979,-0.5490695555197818,1103.1,0.9782030439698864,1079.054351376004,24.045648623995998,1.0058116957604166,95.14906955551979,-0.5490695555197845,0.9782030439698864,1079.054351376004,24.045648623995998
1999,73,1.0234369192606705,0.9810110649565046,1.0234369192606705,74.71089510602894,-1.7108951060289428,1176.1,0.9810110649565046,1153.765246482033,22.334753517967055,1.0234369192606705,74.71089510602894,-1.7108951060289428,0.9810110649565046,1153.765246482033,22.334753517967055
2000,82.7,0.89934737302649,0.9756455432284761,0.89934737302649,74.37526075456992,8.324739245430077,1258.8,0.9756455432284761,1228.1405072366028,30.659492763397132,0.89934737302649,74.37526075456992,8.324739245430077,0.9756455432284761,1228.1405072366028,30.659492763397132
2001,97,0.9881875845639791,0.9765431438860819,0.9881875845639791,95.85460757972044,1.1453924202795633,1355.8,0.9765431438860819,1323.9951148163234,31.804885183676696,0.9881875845639791,95.85460757972044,1.1453924202795633,0.9765431438860819,1323.9951148163234,31.804885183676696
2002,89.8,0.9194981462376194,0.9730000728405088,0.9194981462376194,82.57163999884685,7.228360001153146,1445.6,0.9730000728405088,1406.56675481517,39.033245184829845,0.9194981462376194,82.57163999884685,7.228360001153146,0.9730000728405088,1406.56675481517,39.033245184829845
2003,89.3,0.9839533972458075,0.9736372991291322,0.9839533972458075,87.86737314370598,1.4326268562940185,1534.9,0.9736372991291322,1494.4341279588762,40.46587204112386,0.9839533972458075,87.86737314370598,1.4326268562940185,0.9736372991291322,1494.4341279588762,40.46587204112386
2004,126,0.981676501727892,0.9742471401939617,0.981676501727892,123.69137386292122,2.3086261370787726,1660.9,0.9742471401939617,1618.1255018217973,42.774498178202634,0.981676501727892,123.69137386292122,2.3086261370787726,0.9742471401939617,1618.1255018217973,42.774498178202634
2005,97,0.9683769801243685,0.9739231523156106,0.9683769801243685,93.93256707206373,3.067432927936261,1757.9,0.9739231523156106,1712.0580688938612,45.841931106138894,0.9683769801243685,93.93256707206373,3.067432927936261,0.9739231523156106,1712.0580688938612,45.841931106138894
2006,150.7,0.9526100946057336,0.9722403323448294,0.9526100946057336,143.558577048303,7.141422951696995,1908.6,0.9722403323448294,1855.616645942164,52.98335405783589,0.9526100946057336,143.558577048303,7.141422951696995,0.9722403323448294,1855.616645942164,52.98335405783589
2007,139,0.9945109867641702,0.9737521082304132,0.9945109867641702,138.23702716021964,0.7629728397803547,2047.6,0.9737521082304132,1993.8536731023837,53.74632689761624,0.9945109867641702,138.23702716021964,0.7629728397803547,0.9737521082304132,1993.8536731023837,53.74632689761624
2008,145.6,0.9686161135225071,0.9734109849728068,0.9686161135225071,141.03048839069214,4.569511609307847,2193.2,0.9734109849728068,2134.884161493076,58.315838506924095,0.9686161135225071,141.03048839069214,4.569511609307847,0.9734109849728068,2134.884161493076,58.315838506924095
2009,145.4,0.9872036716359781,0.9742684149838531,0.9872036716359781,143.5393384845755,1.8606615154244992,2338.6,0.9742684149838531,2278.4234999776513,60.17650002234859,0.9872036716359781,143.5393384845755,1.8606615154244992,0.9742684149838531,2278.4234999776513,60.17650002234859
2010,154.8,0.9560453560732209,0.9731371488841398,0.9560453560732209,147.99623288591079,6.803767114089214,2493.4,0.9731371488841398,2426.4197328635623,66.9802671364378,0.9560453560732209,147.99623288591079,6.803767114089214,0.9731371488841398,2426.4197328635623,66.9802671364378
2011,144.9,1.0003256470400714,0.974630145966172,1.0003256470400714,144.94646712374325,-0.046467123743241245,2638.3,0.974630145966172,2571.3661999873057,66.93380001269456,1.0003256470400714,144.94646712374325,-0.046467123743241245,0.974630145966172,2571.3661999873057,66.93380001269456
2012,160.5,0.9417275801889837,0.9727431388639285,0.9417275801889837,151.1472161772149,9.352783822785113,2798.8,0.9727431388639285,2722.51341616452,76.28658383547968,0.9417275801889837,151.1472161772149,9.352783822785113,0.9727431388639285,2722.51341616452,76.28658383547968
2013,162,1.0162864387864259,0.9751257029518362,1.0162864387864259,164.638403083401,-2.6384030834009993,2960.8,0.9751257029518362,2887.151819247921,73.64818075207867,1.0162864387864259,164.638403083401,-2.6384030834009935,0.9751257029518362,2887.151819247921,73.64818075207867
2014,182.8,1.012406472675833,0.9772936333678273,1.012406472675833,185.06806458610964,-2.268064586109631,3143.6,0.9772936333678273,3072.219883834031,71.38011616596904,1.012406472675833,185.06806458610964,-2.2680645861096336,0.9772936333678273,3072.219883834031,71.38011616596904
2015,168,1.026242045615634,0.9797769007964583,1.026242045615634,172.40866366342652,-4.408663663426523,3311.6,0.9797769007964583,3244.6285474974575,66.97145250254252,1.026242045615634,172.40866366342652,-4.408663663426521,0.9797769007964583,3244.6285474974575,66.97145250254252
2016,161,0.9505574047099048,0.9784221786066362,0.9505574047099048,153.03974215829467,7.960257841705333,3472.6,0.9784221786066362,3397.6682896557522,74.93171034424786,0.9505574047099048,153.03974215829467,7.960257841705333,0.9784221786066362,3397.6682896557522,74.93171034424786
2017,166.9,1,0.9794117046420896,0.9467999527578185,158.02108965899097,8.878910341009032,3639.5,0.9769720906909622,3555.6893793147433,83.8106206852569,1,166.9,0,0.9794117046420896,3564.5682896557523,74.93171034424786
2018,149.8,1,0.9802255875759671,0.9858570765963766,147.68088146249335,2.1191185375066652,3789.3,0.9773231654869716,3703.3702607772366,85.92973922276356,1,149.8,0,0.9802255875759671,3714.368289655752,74.93171034424786
2019,169.1,1,0.9810703077216355,1.042977947917397,176.36806863237,-7.2680686323700225,3958.4,0.9801280131827024,3879.7383294096066,78.66167059039353,1,169.1,0,0.9810703077216355,3883.468289655752,74.93171034424786
2020,159,1,0.9818013051155957,0.9545476571419045,151.77307748556282,7.226922514437183,4117.4,0.9791401807940916,4031.5114068951693,85.88859310483072,1,159,0,0.9818013051155957,4042.468289655752,74.93171034424786
2021,114.4,1,0.9822932974353902,1.0603122061448822,121.29700120664033,-6.897001206640335,4231.8,0.9813340044368326,4152.80840810181,78.99159189819038,1,114.4,0,0.9822932974353902,4156.868289655752,74.93171034424786
2022,155.3,1,0.9829201167735843,0.9763529312647885,151.62420322663266,3.6757967733673467,4387.1,0.9811569373078877,4304.432611328442,82.66738867155773,1,155.3,0,0.9829201167735843,4312.168289655752,74.93171034424786
2023,205.9,1,0.9836857454813275,0.9227077755338068,189.98608297963582,15.91391702036417,4593,0.978536758030949,4494.418694308079,98.5813056919219,1,205.9,0,0.9836857454813275,4518.068289655752,74.93171034424786
