year,diagnoses,diagnoses_lower,diagnoses_upper,undiag,undiag_lower,undiag_upper,undiag_percent,uplower,upupper,infections,infections_lower,infections_upper,start_plhiv,start_plhiv_lower,start_plhiv_upper,deaths,deaths_lower,deaths_upper,ydf,ydf_lower,ydf_upper,cdr,cdr_lower,cdr_upper,ipr,ipr_lower,ipr_upper,imr,imr_lower,imr_upper
2000,679.2397747626164,679.2397747626164,679.2397747626164,2508.7367405425857,2398.822589711875,2650.9743600088837,19.087759524208373,17.05071544087323,21.55675949963161,744.934647,720.684417,778.586476,12780.011398246126,11988.169500118009,13622.110612600614,248.9346390353379,244.06257650835585,253.26313568364336,0.2130629794484509,0.20396279256355446,0.22067121920662613,0.9118112273312163,0.8724011984541797,0.9424926621697947,0.058289044022467124,0.05290548854693328,0.06494623520232473,2.9924909200533225,2.845595412275962,3.1901100411981593
2001,730.8627516198706,730.0184003823138,730.9565684240436,2522.7451083816286,2398.7964820879265,2681.2605067571326,18.530086738830654,16.409339388505806,21.113507572554088,791.400505,768.477075,823.706857,13143.170299064372,12297.647798381697,14068.75035848362,231.5917392015314,227.3391606531872,235.32623474175057,0.22463148082619086,0.2140013819610183,0.233550876579375,0.9235055411291032,0.8862599530142236,0.9511755030871201,0.06021382109431677,0.05462298039403332,0.06698084629715899,3.4172225128950835,3.2655818244971058,3.6232510696060403
2002,820.3350203696573,820.3350203696573,820.3350203696573,2568.6109780249776,2438.9208405867353,2727.5559373584656,18.052392608198232,15.940916455331267,20.587304882008045,835.110811,812.608471,863.505455,13614.318939452662,12699.266086145546,14618.482958358476,210.60182786046823,207.00715697166916,213.71376719597365,0.2420619923593516,0.2312176530067191,0.2516939618631043,0.9823067903855184,0.9500056028825635,1.0095083298358298,0.061340623406430504,0.055587742812626885,0.06799648492616862,3.9653540497915,3.8023215895812887,4.171379712819198
2003,819.5059784534096,819.5059784534096,819.5059784534096,2611.086655722148,2480.5463447091197,2765.3261793714005,17.603432713226905,15.530283461564464,20.056737988573456,874.23789,851.555584,900.497722,14228.645663614032,13248.727567745746,15299.7529810845,198.21992094961223,195.09241136337275,200.88407612262765,0.23888175188435157,0.2286037232355855,0.2483312075694772,0.9373947158174644,0.9100589134565403,0.962363460296926,0.06144210142470765,0.05565812631437914,0.06796861943121822,4.4104441461372215,4.2390397508669455,4.615749611719967
2004,866.340654407988,866.340654407988,866.340654407988,2651.956712245379,2515.665623367926,2800.806194733186,17.01663624975628,14.940767604292745,19.43913496434808,908.475658,886.668409,929.373028,14832.826632502329,13787.517097480344,15972.318540406335,114.55997018195528,76.81693841708524,168.39584726403484,0.2462386103628467,0.2362437857133756,0.25616175230097854,0.9536201072412092,0.932177530772916,0.9770740060368927,0.061247642172888944,0.0555128178014313,0.06740684500546092,7.930131760309213,5.265381678977842,12.098542940541009
2005,927.7631519731622,927.7631519731622,927.7631519731622,2696.4621339509895,2561.096923235026,2839.9215649017297,16.54238436914093,14.484794244128016,18.9474779517267,937.656353,917.297181,955.641338,15584.49433438034,14408.0804000278,16837.59288676126,165.23143890688434,119.79222264637627,225.3068592519209,0.2559893711840789,0.2462422473456579,0.26592157093540086,0.989449011895259,0.970827773016619,1.0114095749882852,0.060165978624758656,0.0544791162946596,0.06632676327917743,5.674805952203886,4.071323811648133,7.977490665825861
2006,995.9618570850034,995.9618570850034,995.9618570850034,2741.416841820908,2605.306793165741,2868.168513374257,16.040932332423004,14.007356323247976,18.347994519742407,961.612215,941.4888,980.172131,16300.323301525488,14988.388281211455,17681.2792786012,183.74728060399767,136.00418714045514,245.26131888974243,0.26648673771715015,0.25774540753049985,0.276558611370373,1.0357208878477104,1.0161091359217633,1.0578584228351984,0.05899344431469075,0.05324777608933752,0.06539543229132148,5.23334120558995,3.8387170233853616,7.2069261366765875
2007,944.4098934638714,944.4098934638714,944.4098934638714,2761.5026577177955,2631.218620217392,2875.1636555601194,15.46417228631959,13.487136712377238,17.69117559468332,980.175485,960.303545,998.854719,17090.13407082189,15632.054556633497,18599.56106664981,178.3301376453277,130.59046563695068,240.09620292207188,0.25483868829088724,0.24725532349159626,0.26412416442321096,0.9635110323779128,0.9454927483441877,0.9834493461792557,0.05735329406651413,0.05163044125390061,0.06389785267069285,5.496409625104558,3.999661524475196,7.6487568531754535
2008,825.4528061070232,825.4528061070232,825.4528061070232,2746.155557041119,2624.33728765778,2846.84365180572,14.86687867033183,12.94730045599722,17.027425628398444,993.178401,972.317744,1014.039821,17857.42299418614,16251.964942477787,19509.09727045849,157.9972632741691,111.98798480594532,219.04234157351533,0.23111515098465046,0.22477836840443796,0.2392762410672341,0.8311223897699556,0.8140240540977959,0.8489537614640336,0.05561711795276116,0.04983919709459469,0.06239490575995536,6.286048127786619,4.438948821562287,9.054898369295111
2009,965.3783046351127,965.3783046351127,965.3783046351127,2740.459488821462,2620.265601319012,2842.656993067377,14.198485426638552,12.322448292373972,16.345149900850743,1000.453204,978.072841,1026.494626,18471.63495402243,16719.166560667498,20269.378134668845,121.57032730726804,81.14747466991145,177.94158454190446,0.2605020398733286,0.2535108603687462,0.2692342937434635,0.9649409895188987,0.9404611385029431,0.9870208681472965,0.05416159460113945,0.04825371723304621,0.06139627966951829,8.229419350590069,5.496595096182636,12.64974209210496
2010,916.3607619434152,916.3607619434152,916.3607619434152,2714.8757888884666,2592.4313775459127,2817.920012280725,13.5274532283854,11.669456756778946,15.666145789386867,1001.832133,974.347081,1031.798125,19301.069138543025,17391.440337414224,21264.16389947948,182.9124260377059,135.87758274076168,242.0400057908421,0.25235501711764985,0.24539150035760357,0.2611613129288368,0.9146849374848464,0.8881202046605922,0.9404869987427152,0.05190552532654287,0.04582108591741295,0.059327928278619435,5.477113582176645,4.025562128939867,7.5935861102897935
2011,976.6067628623059,976.6067628623059,976.6067628623059,2684.481411733404,2542.9244991681294,2788.5228593794973,12.8386823103164,10.941284417459864,14.962679187949949,997.147428,965.945893,1029.253456,20069.37849314972,17987.321515862204,22215.527522649536,163.2529906740322,118.57507871432136,220.46700438791345,0.26675313903636083,0.2593819764114316,0.27748205376044777,0.979400573515099,0.9488496319047638,1.0110367153476845,0.0496850178165884,0.04348066423429212,0.057221051788747306,6.107988735048705,4.381362624678342,8.680183620031515
2012,1106.4652201515892,1106.4652201515892,1106.4652201515892,2663.4379362531977,2525.3863149084773,2778.029263494695,12.186452856846516,10.356253766868518,14.3098326453987,986.231329,957.179117,1020.248335,20909.321898060476,18636.521069202685,23241.553753142416,121.64204486358868,82.23422570616425,175.4844059921526,0.29349964024189495,0.2848414960581888,0.30465596114552895,1.1219124637558429,1.0845057837331233,1.1559646470552796,0.04716706423135997,0.041183955563667204,0.05474457014866287,8.107651676737063,5.45449672059638,12.40661447516399
2013,963.740328103424,963.740328103424,963.740328103424,2632.640987002408,2469.5234045879224,2760.211756519432,11.606575502932404,9.713388926509104,13.778153040978486,968.911151,940.568013,1002.403344,21855.727565194185,19413.429439288135,24385.13357974709,158.801450830481,113.70556884597256,217.07156238379804,0.26797501256483525,0.2587950398403225,0.2807067569341505,0.9946632641277383,0.9614296818461372,1.0246365119620797,0.04433213893748457,0.03857137013106963,0.05163453201995189,6.1013998671479595,4.332985871898819,8.815780565311378
2014,1159.7359847853586,1159.7359847853586,1159.7359847853586,2620.436078756457,2460.565577587532,2740.531222804529,11.131957502434451,9.293611723926029,13.232271895594808,944.960027,919.429213,976.29573,22682.32336348711,20033.24936448383,25423.911502691622,227.2838488022564,174.25835739427,291.0864021334524,0.3067944964649966,0.2973478285099344,0.32034237060219406,1.227285759871998,1.187894148410706,1.2613651691588774,0.041660636428504066,0.03616395584537258,0.04873376815899057,4.157620666755529,3.158612722068946,5.602576224169681
2015,1143.0385893546918,1143.0385893546918,1143.0385893546918,2620.343077881896,2469.3702078795964,2741.4657678074095,10.69358021976543,8.933649092106748,12.752195069848597,914.096911,892.940502,944.147893,23539.75999444296,20710.965164771795,26475.880967276757,105.0342623381749,64.62296961654384,164.6306790337605,0.30372645945156374,0.29425596788099895,0.316420054737387,1.2504566809051298,1.2106562942408556,1.280083708594833,0.038832040395305266,0.03372656430596748,0.04558686113798034,8.702845058852475,5.4239009839526116,14.610097595364804
2016,1133.9516330558108,1133.9516330558108,1133.9516330558108,2631.312027842102,2493.922812088073,2751.2438582672917,10.345019068958972,8.660334277844017,12.370400564587856,876.035832,856.249561,903.988599,24503.88947415943,21497.991152043734,27641.226809114185,170.33485519429473,120.23715002950978,235.45999248220355,0.3011612824971185,0.29186475573450327,0.312566393959325,1.2944123877524347,1.25438709549014,1.3243237540834323,0.03575088897310867,0.030977263307201238,0.04204991027331692,5.143021555985931,3.636497020039261,7.518380124430214
2017,1082,1082,1082,2637.28786949732,2512.5698067812227,2760.4935575624954,10.035269969316152,8.410269925431061,12.057480825354435,830.490819,800.238274,864.349058,25435.54545721,22240.53977801773,28797.073323928704,240.33646905697785,183.3032074664136,308.7901358011339,0.29091590593826167,0.28158798025060894,0.3010095945163694,1.3028440233726413,1.251809081048365,1.3520972879635096,0.032650796516124556,0.027788875105410393,0.03886367267283287,3.455533911514324,2.5915279706841643,4.715406074704795
2018,939,939,939,2629.3325117045606,2513.274442105436,2763.2798445277576,9.722383800313922,8.142152905624759,11.772973410539178,777.1759,734.50044,821.120458,26280.18855059299,22894.44700386948,29875.019815757492,197.51796726061545,142.36267299771657,267.4394407159175,0.2631481222447647,0.25362750505959486,0.2719945982705051,1.2082206872343828,1.1435593777399222,1.2784199285163123,0.029572691173955206,0.024585772479139574,0.0358654855415909,3.934709893882989,2.746417798488478,5.767807253894217
2019,989,989,989,2622.862090758431,2514.9169035886152,2775.395001910401,9.394662298830609,7.863281908930225,11.491232844417189,715.805103,658.882235,770.913624,27044.113518946488,23471.384400257513,30867.44342972504,193.85357659036367,136.51470396192454,267.95482978819587,0.2738199784899114,0.2627248201897225,0.2822555520614925,1.3816610078008902,1.2828933997409806,1.501026962731815,0.026468055700865304,0.021345539565013116,0.0328448297234458,3.692503979498835,2.4589302440296064,5.647110542868821
2020,683,683,683,2639.7382903755174,2486.584435270873,2843.083799016479,9.21813451079212,7.561267299191049,11.515789482551677,646.092457,573.025284,720.920601,27918.641536321215,24152.282348527795,31983.04388314576,171.6630694318367,112.9168919791049,252.31711090760513,0.20555335398467725,0.19369931031999504,0.21548566190559007,1.0571242437520054,0.9473997539432223,1.1919194825616106,0.02314197329979166,0.01791653371372728,0.029848963778942566,3.76372424854344,2.2710520183858383,6.384523948227385
2021,579,579,579,2716.651161567503,2484.127347130238,2987.2747770612,9.34779813209647,7.403836181761516,12.0126075521786,567.751991,472.878353,665.806339,28636.36115620842,24688.57044776844,32885.81578827273,291.9328788976178,212.11169265827328,391.21599710294936,0.1756860697976941,0.16235428737129637,0.18902250359993997,1.0198114831445833,0.8696222401090717,1.2244163775456223,0.019826261720299273,0.014379401625445798,0.026968201354897855,1.9448031792236502,1.2087398176500461,3.1389421802062576
2022,591,591,591,2660.463239170798,2318.7940091361543,3021.3097360605825,9.023917310546254,6.758133773032883,12.112163605329778,480.497734,358.472237,604.550932,29061.936545673223,24867.829603901693,33551.89507365918,255.24843970759855,168.77125700832815,372.18936650500393,0.18176431856283862,0.1636072328184452,0.20310716090018113,1.229974582981072,0.9775851276001342,1.6486632408300004,0.01653357591104978,0.010684112960326593,0.02431056274831269,1.882470798060263,0.963144757106274,3.5820728168788123
2023,784,784,784,2360.751889318646,1895.5011276790967,2833.5094238761367,7.866035857491433,5.381722435523418,11.289198249842675,384.043713,231.920847,536.910918,29482.35392252003,25345,34311.158775650234,300.9187436426617,204.2717131093802,427.4075520721052,0.24930424643766233,0.21672369250111018,0.2925917783356476,2.0414342780817765,1.4602049869285765,3.3804636803521158,0.01302622287247726,0.006759341720763695,0.021184096192542908,1.276237260434825,0.5426222486608616,2.628415407239981
