"step","indicator","break0","break1","break1ci","break2","break2ci","break3","break3ci"
"Number infected","breakpoint1",NA,2014,"(2013, 2015)",2012,"(2011, 2013)",2012,"(2011, 2013)"
"Number infected","breakpoint2",NA,NA,"NA",2018,"(2017, 2019)",2017,"(2016, 2018)"
"Number infected","breakpoint3",NA,NA,"NA",NA,"NA",2020,"(2019, 2021)"
"Number infected","rss",3714.926080160259,3714.926080160259,"NA",1906.5107318930745,"NA",945.3432621699094,"NA"
"Number infected","bic",223.02941556103636,179.21957068413224,"NA",174.8650864868746,"NA",169.8226451783422,"NA"
"Number on ART","breakpoint1",NA,2013,"(2012, 2014)",2007,"(2006, 2008)",2007,"(2006, 2008)"
"Number on ART","breakpoint2",NA,NA,"NA",2012,"(2009, 2013)",2012,"(2011, 2013)"
"Number on ART","breakpoint3",NA,NA,"NA",NA,"NA",2020,"(2014, 2021)"
"Number on ART","rss",45948.33003253473,45948.33003253473,"NA",24263.781642380593,"NA",14052.666825444934,"NA"
"Number on ART","bic",258.26564940049764,229.52274517801982,"NA",225.73928732080202,"NA",223.8030324675656,"NA"
"Number suppressed","breakpoint1",NA,2013,"(2012, 2014)",2008,"(2004, 2009)",2008,"(2004, 2009)"
"Number suppressed","breakpoint2",NA,NA,"NA",2012,"(2011, 2014)",2012,"(2010, 2013)"
"Number suppressed","breakpoint3",NA,NA,"NA",NA,"NA",2020,"(2019, 2021)"
"Number suppressed","rss",32255.471230039286,32255.471230039286,"NA",24987.382526699454,"NA",18498.29242170447,"NA"
"Number suppressed","bic",250.983843364512,222.44614866600602,"NA",226.3270118693918,"NA",229.30035724529253,"NA"
"Number undiagnosed","breakpoint1",NA,2020,"(2019, 2021)",2007,"(2006, 2008)",2006,"(2005, 2007)"
"Number undiagnosed","breakpoint2",NA,NA,"NA",2020,"(2019, 2021)",2010,"(2009, 2012)"
"Number undiagnosed","breakpoint3",NA,NA,"NA",NA,"NA",2020,"(NA, NA)"
"Number undiagnosed","rss",1433.639207336424,1433.639207336424,"NA",227.6438806844278,"NA",204.88247749633862,"NA"
"Number undiagnosed","bic",179.07049126855784,160.1767173127146,"NA",132.360135940141,"NA",139.24041382464787,"NA"
"Diagnosed but untreated","breakpoint1",NA,2012,"(2011, 2013)",2007,"(2006, 2008)",2006,"(2005, 2007)"
"Diagnosed but untreated","breakpoint2",NA,NA,"NA",2012,"(2011, 2013)",2009,"(2008, 2010)"
"Diagnosed but untreated","breakpoint3",NA,NA,"NA",NA,"NA",2012,"(NA, NA)"
"Diagnosed but untreated","rss",32388.029382619847,32388.029382619847,"NA",12459.535141058872,"NA",8835.13451669204,"NA"
"Diagnosed but untreated","bic",234.42817964455506,222.5281728986826,"NA",212.40931598997827,"NA",214.5215153411535,"NA"
"Diagnoses including OS","breakpoint1",NA,2020,"(2019, 2021)",2014,"(2013, 2019)",2013,"(2009, 2014)"
"Diagnoses including OS","breakpoint2",NA,NA,"NA",2020,"(2019, 2021)",2017,"(NA, NA)"
"Diagnoses including OS","breakpoint3",NA,NA,"NA",NA,"NA",2020,"(NA, NA)"
"Diagnoses including OS","rss",1317.607807629451,1317.607807629451,"NA",700.5623471698159,"NA",570.5212123264756,"NA"
"Diagnoses including OS","bic",165.12637325078978,158.48875158824245,"NA",154.84215363164816,"NA",159.7226901518143,"NA"
"Diagnoses overseas","breakpoint1",NA,2020,"(NA, NA)",2014,"(2013, 2016)",2010,"(2009, 2012)"
"Diagnoses overseas","breakpoint2",NA,NA,"NA",2020,"(2019, 2021)",2014,"(2013, 2015)"
"Diagnoses overseas","breakpoint3",NA,NA,"NA",NA,"NA",2020,"(2019, 2021)"
"Diagnoses overseas","rss",3103.843289937342,3103.843289937342,"NA",1856.1454320301696,"NA",1588.3928437783463,"NA"
"Diagnoses overseas","bic",184.37550526647354,175.62521736921838,"NA",174.32963168011722,"NA",180.20124301865445,"NA"
"Proportion diagnosed","breakpoint1",NA,2012,"(2011, 2013)",2013,"(2012, 2014)",2011,"(2010, 2012)"
"Proportion diagnosed","breakpoint2",NA,NA,"NA",2020,"(2018, 2021)",2014,"(2013, 2015)"
"Proportion diagnosed","breakpoint3",NA,NA,"NA",NA,"NA",2020,"(2018, 2021)"
"Proportion diagnosed","rss",9.976689148839384e-5,9.976689148839384e-5,"NA",2.042135913427533e-5,"NA",1.4755701128716209e-5,"NA"
"Proportion diagnosed","bic",-137.09095703862985,-169.4361940675867,"NA",-192.17409745025537,"NA",-189.68593751336257,"NA"
"Proportion treated suppressed","breakpoint1",NA,2014,"(2013, 2015)",2008,"(2007, 2009)",2007,"(2006, 2008)"
"Proportion treated suppressed","breakpoint2",NA,NA,"NA",2017,"(2016, 2018)",2010,"(2009, 2011)"
"Proportion treated suppressed","breakpoint3",NA,NA,"NA",NA,"NA",2014,"(2013, 2015)"
"Proportion treated suppressed","rss",0.01482415955472135,0.01482415955472135,"NA",0.0050087621676072865,"NA",0.003042767944599769,"NA"
"Proportion treated suppressed","bic",-53.77512689351775,-69.41265103729974,"NA",-82.12684301583971,"NA",-83.10807025490561,"NA"
"Proportion suppressed overall","breakpoint1",NA,2016,"(2015, 2017)",2006,"(2005, 2007)",2006,"(2005, 2007)"
"Proportion suppressed overall","breakpoint2",NA,NA,"NA",2016,"(2015, 2017)",2009,"(2008, 2010)"
"Proportion suppressed overall","breakpoint3",NA,NA,"NA",NA,"NA",2016,"(2015, 2017)"
"Proportion suppressed overall","rss",0.005261979544152456,0.005261979544152456,"NA",0.0033530951825953897,"NA",0.0023770217062751313,"NA"
"Proportion suppressed overall","bic",-83.9001401382414,-90.12767017832631,"NA",-90.15294217305443,"NA",-88.04645603727386,"NA"
"Yearly diagnosed fraction","breakpoint1",NA,2013,"(2012, 2014)",2013,"(2012, 2014)",2013,"(2012, 2014)"
"Yearly diagnosed fraction","breakpoint2",NA,NA,"NA",2020,"(2019, 2021)",2016,"(2006, 2017)"
"Yearly diagnosed fraction","breakpoint3",NA,NA,"NA",NA,"NA",2020,"(2019, 2021)"
"Yearly diagnosed fraction","rss",0.03122069065842736,0.03122069065842736,"NA",0.007063277119320058,"NA",0.00524705919105756,"NA"
"Yearly diagnosed fraction","bic",-31.085523401949366,-54.51619533821807,"NA",-75.25243676028596,"NA",-72.2100671284008,"NA"
"Case detection rate","breakpoint1",NA,2013,"(NA, NA)",2013,"(2012, 2014)",2013,"(2012, 2014)"
"Case detection rate","breakpoint2",NA,NA,"NA",2020,"(2019, 2021)",2016,"(2008, 2017)"
"Case detection rate","breakpoint3",NA,NA,"NA",NA,"NA",2020,"(2019, 2021)"
"Case detection rate","rss",7.864108270121084,7.864108270121084,"NA",1.0686984246502917,"NA",0.846672657004369,"NA"
"Case detection rate","bic",62.259151470177045,56.063472509793684,"NA",25.13331596843784,"NA",29.462860490541328,"NA"
"Incidence prevalence ratio","breakpoint1",NA,2009,"(2008, 2010)",2008,"(2007, 2009)",2008,"(2007, 2009)"
"Incidence prevalence ratio","breakpoint2",NA,NA,"NA",2018,"(2017, 2019)",2014,"(2013, 2015)"
"Incidence prevalence ratio","breakpoint3",NA,NA,"NA",NA,"NA",2020,"(2019, 2021)"
"Incidence prevalence ratio","rss",1.8215777259919027e-6,1.8215777259919027e-6,"NA",9.874791940679454e-7,"NA",8.794694030705471e-7,"NA"
"Incidence prevalence ratio","bic",-221.94679259874542,-249.4988615013287,"NA",-252.75772187473456,"NA",-246.08725810781388,"NA"
