"year","stage","value","lower","upper"
2004,"infected",1595.4110346984578,1461.7523456876404,1738.7568964815505
2005,"infected",1671.611611029515,1527.689838485814,1825.668896594866
2006,"infected",1802.6495293798016,1646.5824971637776,1969.0899490327463
2007,"infected",1916.8826209210008,1745.3636887705666,2095.0901575123157
2008,"infected",2031.9098757903805,1839.745674131333,2229.7050176841144
2009,"infected",2150.2238046130024,1942.211350368901,2367.262933058388
2010,"infected",2262.295293014566,2033.769917108296,2502.870886137675
2011,"infected",2369.042066620902,2117.3122345172997,2631.5944489398557
2012,"infected",2484.871790116499,2210.2904106816545,2775.0625750157183
2013,"infected",2609.7130861945443,2315.581866159416,2924.3216876435135
2014,"infected",2750.808047744607,2434.2243691977083,3091.1709976422917
2015,"infected",2887.6382288990467,2550.8405096330034,3251.362840041635
2016,"infected",3009.0136374341214,2660.0550643621464,3381.4399415766316
2017,"infected",3154.7147180027782,2796.2021825749102,3528.337816671461
2018,"infected",3296.4717606469053,2938.409698651412,3653.2869862784983
2019,"infected",3472.760657296546,3123.5503857324156,3807.4933513750752
2020,"infected",3633.9191137203225,3286.6074780449876,3964.380586092601
2021,"infected",3748.1575801932063,3399.699773276029,4076.991056949166
2022,"infected",3908.74818970717,3571.4811783460336,4205.949640226243
2023,"infected",4083.673288400374,3752.8568814501423,4363.697082268674
2004,"pldhiv",1220.3339642859803,1128.42853427108,1319.870448173445
2005,"pldhiv",1294.4271906223123,1190.5073457757485,1406.1097704555716
2006,"pldhiv",1414.8592559376402,1296.4133752028818,1541.0937144277923
2007,"pldhiv",1528.4939175450568,1394.884377192899,1670.4767608652369
2008,"pldhiv",1644.6542487512952,1493.2554307208145,1804.066068627539
2009,"pldhiv",1764.2996086254614,1594.5093508541183,1942.3060186210864
2010,"pldhiv",1881.8299471622877,1691.6062713132349,2081.337269103209
2011,"pldhiv",1996.8566511806791,1786.6667675633544,2217.3472349721155
2012,"pldhiv",2120.1247145252114,1889.895988850497,2362.5922403316104
2013,"pldhiv",2252.2568304244596,2000.7993296697048,2518.285495443941
2014,"pldhiv",2399.023644205286,2124.928431826042,2689.533935606331
2015,"pldhiv",2541.297871854153,2244.606455410669,2856.6055613677495
2016,"pldhiv",2670.3060198299804,2359.582851399788,2999.5312286645435
2017,"pldhiv",2820.002768841972,2503.728523805014,3150.959611243336
2018,"pldhiv",2968.8584991879693,2656.899250430116,3288.681596282015
2019,"pldhiv",3149.6519807126483,2851.106591327062,3446.720246272159
2020,"pldhiv",3316.6449760213804,3028.4723406399016,3595.6819503306374
2021,"pldhiv",3435.085054825427,3159.8355097333774,3691.4396800691657
2022,"pldhiv",3619.426790399805,3372.5621836587643,3831.894359173437
2023,"pldhiv",3850.784181459621,3633.7571562652392,4019.697336381168
2004,"numART",917.005332356413,723.823220423615,1122.73639308892
2005,"numART",1020.19558757683,770.468224613663,1186.66557985627
2006,"numART",1142.0928481296,831.008439556309,1261.87427966979
2007,"numART",1198.81731591159,909.109135672169,1349.23162103427
2008,"numART",1231.04164122603,1008.04073508422,1449.20980678465
2009,"numART",1315.5248911141,1130.39597583574,1561.71306666766
2010,"numART",1496.56042658851,1277.32003557835,1685.92616056571
2011,"numART",1643.33339602672,1447.62110061688,1821.85285202638
2012,"numART",1808.04512143871,1637.11859277916,1967.88828460597
2013,"numART",1789.03888888889,1508.5841957198,2074.77688533574
2014,"numART",1903.03888888889,1889.46111111111,1948.31831740782
2015,"numART",2120.5,2102.22222222222,2174.00809896267
2016,"numART",2274.59444444444,2255.27222222222,2333.67173362287
2017,"numART",2466.52222222222,2437.53888888889,2539.2575651156
2018,"numART",2587.73333333333,2559.79444444444,2663.45768911056
2019,"numART",2806.55555555556,2772.08888888889,2884.11768009295
2020,"numART",3024.11666666667,3009.23333333333,3079.3704797048
2021,"numART",3126.28888888889,3066.23333333333,3139.63715215034
2022,"numART",3287.72222222222,3274.66666666667,3360.31313832042
2023,"numART",3623.26111111111,3623.26111111111,3685.58364624321
2004,"suppressed",503.453907960384,327.496987523354,724.821588149754
2005,"suppressed",593.379066243667,372.881805974012,806.098977718517
2006,"suppressed",779.69800208848,492.988700040537,974.347527133168
2007,"suppressed",876.912666268662,589.009195449413,1099.71260160232
2008,"suppressed",971.28056096733,718.120266276075,1254.42085195004
2009,"suppressed",1020.45388749972,787.508855689562,1334.85160512243
2010,"suppressed",1247.13368882376,977.049922159289,1520.27528546059
2011,"suppressed",1287.6866162896,1033.39551088543,1554.59879034597
2012,"suppressed",1531.65605828884,1294.70527369242,1777.83672454968
2013,"suppressed",1589.08748366013,1268.52652519313,1941.15789109081
2014,"suppressed",1765.46981258367,1678.4389538459,1884.22929388606
2015,"suppressed",1984.57051282051,1886.66347893936,2118.20867234389
2016,"suppressed",2136.74023569024,2036.4807696857,2277.19968223638
2017,"suppressed",2411.71061728395,2330.88128026179,2537.51011177361
2018,"suppressed",2514.21818181818,2424.24298544964,2653.16571252949
2019,"suppressed",2703.69749854567,2596.62485439009,2855.27146966764
2020,"suppressed",2961.54873563218,2877.25343404681,3087.00424920683
2021,"suppressed",3042.54900793651,2892.41669391142,3149.42001203898
2022,"suppressed",3239.01522633745,3159.41782659554,3379.01139237758
2023,"suppressed",3505.43148148148,3391.85366036122,3681.25870375948
2004,"undiagnosed",375.0770704124775,0,0
2005,"undiagnosed",377.18442040720265,0,0
2006,"undiagnosed",387.7902734421614,0,0
2007,"undiagnosed",388.38870337594403,0,0
2008,"undiagnosed",387.2556270390853,0,0
2009,"undiagnosed",385.924195987541,0,0
2010,"undiagnosed",380.46534585227846,0,0
2011,"undiagnosed",372.18541544022287,0,0
2012,"undiagnosed",364.74707559128774,0,0
2013,"undiagnosed",357.4562557700847,0,0
2014,"undiagnosed",351.7844035393209,0,0
2015,"undiagnosed",346.3403570448936,0,0
2016,"undiagnosed",338.707617604141,0,0
2017,"undiagnosed",334.7119491608064,0,0
2018,"undiagnosed",327.613261458936,0,0
2019,"undiagnosed",323.1086765838977,0,0
2020,"undiagnosed",317.274137698942,0,0
2021,"undiagnosed",313.07252536777924,0,0
2022,"undiagnosed",289.3213993073646,0,0
2023,"undiagnosed",232.8891069407532,0,0
2004,"noART",303.32863192956734,0,0
2005,"noART",274.2316030454823,0,0
2006,"noART",272.7664078080402,0,0
2007,"noART",329.6766016334668,0,0
2008,"noART",413.6126075252653,0,0
2009,"noART",448.77471751136136,0,0
2010,"noART",385.26952057377775,0,0
2011,"noART",353.5232551539591,0,0
2012,"noART",312.0795930865013,0,0
2013,"noART",463.2179415355697,0,0
2014,"noART",495.9847553163961,0,0
2015,"noART",420.7978718541531,0,0
2016,"noART",395.7115753855405,0,0
2017,"noART",353.48054661975175,0,0
2018,"noART",381.12516585463936,0,0
2019,"noART",343.0964251570881,0,0
2020,"noART",292.5283093547105,0,0
2021,"noART",308.7961659365369,0,0
2022,"noART",331.7045681775853,0,0
2023,"noART",227.52307034851083,0,0
2004,"unsuppressed",413.55142439602895,0,0
2005,"unsuppressed",426.816521333163,0,0
2006,"unsuppressed",362.39484604112,0,0
2007,"unsuppressed",321.904649642928,0,0
2008,"unsuppressed",259.76108025869996,0,0
2009,"unsuppressed",295.07100361437995,0,0
2010,"unsuppressed",249.42673776475,0,0
2011,"unsuppressed",355.64677973712014,0,0
2012,"unsuppressed",276.38906314987,0,0
2013,"unsuppressed",199.95140522876,0,0
2014,"unsuppressed",137.56907630521982,0,0
2015,"unsuppressed",135.92948717949002,0,0
2016,"unsuppressed",137.85420875420004,0,0
2017,"unsuppressed",54.81160493827019,0,0
2018,"unsuppressed",73.51515151515014,0,0
2019,"unsuppressed",102.85805700989022,0,0
2020,"unsuppressed",62.5679310344899,0,0
2021,"unsuppressed",83.73988095238019,0,0
2022,"unsuppressed",48.706995884770095,0,0
2023,"unsuppressed",117.82962962962984,0,0
2004,"diagnoses_exclude",117,0,0
2005,"diagnoses_exclude",93,0,0
2006,"diagnoses_exclude",137,0,0
2007,"diagnoses_exclude",106,0,0
2008,"diagnoses_exclude",111,0,0
2009,"diagnoses_exclude",117,0,0
2010,"diagnoses_exclude",110,0,0
2011,"diagnoses_exclude",101,0,0
2012,"diagnoses_exclude",105,0,0
2013,"diagnoses_exclude",106,0,0
2014,"diagnoses_exclude",102,0,0
2015,"diagnoses_exclude",108,0,0
2016,"diagnoses_exclude",88,0,0
2017,"diagnoses_exclude",107,0,0
2018,"diagnoses_exclude",81,0,0
2019,"diagnoses_exclude",94,0,0
2020,"diagnoses_exclude",78,0,0
2021,"diagnoses_exclude",61,0,0
2022,"diagnoses_exclude",85,0,0
2023,"diagnoses_exclude",96,0,0
2004,"diagnoses_include",126,0,0
2005,"diagnoses_include",97,0,0
2006,"diagnoses_include",151,0,0
2007,"diagnoses_include",139,0,0
2008,"diagnoses_include",146,0,0
2009,"diagnoses_include",146,0,0
2010,"diagnoses_include",156,0,0
2011,"diagnoses_include",145,0,0
2012,"diagnoses_include",161,0,0
2013,"diagnoses_include",162,0,0
2014,"diagnoses_include",183,0,0
2015,"diagnoses_include",168,0,0
2016,"diagnoses_include",161,0,0
2017,"diagnoses_include",167,0,0
2018,"diagnoses_include",150,0,0
2019,"diagnoses_include",170,0,0
2020,"diagnoses_include",159,0,0
2021,"diagnoses_include",115,0,0
2022,"diagnoses_include",156,0,0
2023,"diagnoses_include",206,0,0
2004,"diagnoses_os",9,0,0
2005,"diagnoses_os",4,0,0
2006,"diagnoses_os",14,0,0
2007,"diagnoses_os",33,0,0
2008,"diagnoses_os",35,0,0
2009,"diagnoses_os",29,0,0
2010,"diagnoses_os",46,0,0
2011,"diagnoses_os",44,0,0
2012,"diagnoses_os",56,0,0
2013,"diagnoses_os",56,0,0
2014,"diagnoses_os",81,0,0
2015,"diagnoses_os",60,0,0
2016,"diagnoses_os",73,0,0
2017,"diagnoses_os",60,0,0
2018,"diagnoses_os",69,0,0
2019,"diagnoses_os",76,0,0
2020,"diagnoses_os",81,0,0
2021,"diagnoses_os",54,0,0
2022,"diagnoses_os",71,0,0
2023,"diagnoses_os",110,0,0
2004,"infections",104,98,110
2005,"infections",105,99,112
2006,"infections",106,99,113
2007,"infections",106,100,114
2008,"infections",106,100,115
2009,"infections",105,99,115
2010,"infections",104,98,114
2011,"infections",103,96,111
2012,"infections",100,94,109
2013,"infections",98,91,106
2014,"infections",94,87,101
2015,"infections",90,81,98
2016,"infections",85,76,96
2017,"infections",80,69,91
2018,"infections",74,62,86
2019,"infections",68,54,81
2020,"infections",61,44,77
2021,"infections",53,32,74
2022,"infections",44,20,71
2023,"infections",35,7,68
2004,"propdiagnosed",0.7649025472088644,0,0
2005,"propdiagnosed",0.7743588176114058,0,0
2006,"propdiagnosed",0.7848776109155394,0,0
2007,"propdiagnosed",0.7973852445960746,0,0
2008,"propdiagnosed",0.809412990382534,0,0
2009,"propdiagnosed",0.820519057058342,0,0
2010,"propdiagnosed",0.8318233048412974,0,0
2011,"propdiagnosed",0.8428962403478585,0,0
2012,"propdiagnosed",0.8532129194584372,0,0
2013,"propdiagnosed",0.863028523073652,0,0
2014,"propdiagnosed",0.8721159755847924,0,0
2015,"propdiagnosed",0.8800610292595618,0,0
2016,"propdiagnosed",0.8874356654983566,0,0
2017,"propdiagnosed",0.8939010404805448,0,0
2018,"propdiagnosed",0.9006169974304149,0,0
2019,"propdiagnosed",0.9069591289267169,0,0
2020,"propdiagnosed",0.9126909191508877,0,0
2021,"propdiagnosed",0.9164729554002259,0,0
2022,"propdiagnosed",0.925981059596208,0,0
2023,"propdiagnosed",0.9429706809302615,0,0
2004,"proptreated",0.7514380154886163,0,0
2005,"proptreated",0.78814443559885206,0,0
2006,"proptreated",0.8072130449277265,0,0
2007,"proptreated",0.7843127814581253,0,0
2008,"proptreated",0.7485109056573436,0,0
2009,"proptreated",0.7456357665572488,0,0
2010,"proptreated",0.7952686845297864,0,0
2011,"proptreated",0.8229601233794465,0,0
2012,"proptreated",0.8528013041174375,0,0
2013,"proptreated",0.794331652021998,0,0
2014,"proptreated",0.7932555785707153,0,0
2015,"proptreated",0.8344161554162342,0,0
2016,"proptreated",0.851810402086149,0,0
2017,"proptreated",0.8746524115063519,0,0
2018,"proptreated",0.8716256884728986,0,0
2019,"proptreated",0.8910684649421304,0,0
2020,"proptreated",0.9117999329232925,0,0
2021,"proptreated",0.9101052343659566,0,0
2022,"proptreated",0.9083543921768494,0,0
2023,"proptreated",0.9409151332230026,0,0
2004,"propsuppressed",0.5490196078431377,0,0
2005,"propsuppressed",0.581632653061225,0,0
2006,"propsuppressed",0.6826923076923104,0,0
2007,"propsuppressed",0.7314814814814806,0,0
2008,"propsuppressed",0.7889908256880763,0,0
2009,"propsuppressed",0.7757009345794375,0,0
2010,"propsuppressed",0.8333333333333345,0,0
2011,"propsuppressed",0.7835820895522424,0,0
2012,"propsuppressed",0.8471337579617815,0,0
2013,"propsuppressed",0.8882352941176461,0,0
2014,"propsuppressed",0.9277108433734945,0,0
2015,"propsuppressed",0.9358974358974346,0,0
2016,"propsuppressed",0.9393939393939431,0,0
2017,"propsuppressed",0.9777777777777783,0,0
2018,"propsuppressed",0.9715909090909096,0,0
2019,"propsuppressed",0.9633507853403139,0,0
2020,"propsuppressed",0.9793103448275838,0,0
2021,"propsuppressed",0.9732142857142859,0,0
2022,"propsuppressed",0.9851851851851863,0,0
2023,"propsuppressed",0.9674796747967479,0,0
2004,"propoverall",0.31556376194648783,0,0
2005,"propoverall",0.3549742430170222,0,0
2006,"propoverall",0.43252889115763604,0,0
2007,"propoverall",0.4574681082179844,0,0
2008,"propoverall",0.4780136031326278,0,0
2009,"propoverall",0.4745803135982775,0,0
2010,"propoverall",0.5512691878352991,0,0
2011,"propoverall",0.5435473833211834,0,0
2012,"propoverall",0.6163923886861908,0,0
2013,"propoverall",0.6089127161397349,0,0
2014,"propoverall",0.6418004389768971,0,0
2015,"propoverall",0.687264246940364,0,0
2016,"propoverall",0.7101131776565506,0,0
2017,"propoverall",0.7644781962442494,0,0
2018,"propoverall",0.7626997482073941,0,0
2019,"propoverall",0.7785441512835003,0,0
2020,"propoverall",0.8149737632988244,0,0
2021,"propoverall",0.8117452222432109,0,0
2022,"propoverall",0.8286579408892815,0,0
2023,"propoverall",0.8584015502510001,0,0
2004,"ydf",0.23322963866784982,0.21259298022945802,0.25664333350252316
2005,"ydf",0.18809941777889105,0.1723764762030642,0.20582176877121253
2006,"ydf",0.24519370822605882,0.22620638765179663,0.2647135165796963
2007,"ydf",0.20671942188008272,0.19247822306481724,0.22406899593148535
2008,"ydf",0.20944404250220455,0.19320668035657276,0.2289467760616354
2009,"ydf",0.23649330416302353,0.21825213186788944,0.25599813719963954
2010,"ydf",0.21502891382126646,0.19564818709078444,0.23540809795576648
2011,"ydf",0.23367924339926555,0.21505460602126789,0.25553509571428085
2012,"ydf",0.22436963805377463,0.20277511380091498,0.24844009299775333
2013,"ydf",0.22606354808717916,0.2045487994178159,0.24907669386866982
2014,"ydf",0.517383299611439,0.48426292010038596,0.5494085263692303
2015,"ydf",0.5249705920720009,0.4922797194083646,0.5555294494358568
2016,"ydf",0.4825430687641455,0.4526670395532819,0.5124788708974342
2017,"ydf",0.5024438772369774,0.4724773517495135,0.5361048717871333
2018,"ydf",0.45453541824378274,0.4281645109705009,0.49232616062637324
2019,"ydf",0.4628362163969037,0.43520930637054583,0.5059445818967969
2020,"ydf",0.3720752478172873,0.33770515665568507,0.4213969809539975
2021,"ydf",0.2992574350670719,0.25648374670264923,0.35841885161808923
2022,"ydf",0.35965538650694756,0.3022076373948486,0.45037702467328833
2023,"ydf",0.48234108506338463,0.3868094443727493,0.6456417061353398
2004,"cdr",1.099436139091025,1.0295494888156853,1.1798233806606193
2005,"cdr",0.832827350223141,0.7820769253350192,0.8869567893186656
2006,"cdr",1.191471274776672,1.1047953983271326,1.2704756947431595
2007,"cdr",0.9537250157130686,0.8872183492138771,1.0132514664004213
2008,"cdr",0.967420553194354,0.889290274106441,1.0301702533699602
2009,"cdr",1.133393754457841,1.0353404134488928,1.2071791289248617
2010,"cdr",0.9989242235097665,0.9019370460621225,1.0774856646960251
2011,"cdr",1.1058248695866162,1.0226427787613332,1.182088030546584
2012,"cdr",1.0513714463650161,0.9659960223854588,1.1295267593224736
2013,"cdr",1.0708848191555185,0.9882409013366747,1.1508020506824987
2014,"cdr",4.0095796307263605,3.7271001158848653,4.35583597585497
2015,"cdr",4.25196887941634,3.906622861485606,4.696706891845276
2016,"cdr",3.69952063052711,3.288820571043399,4.17049581934838
2017,"cdr",4.21826927681355,3.694919463873745,4.880702772681037
2018,"cdr",3.6761639937026906,3.165704487701522,4.400877441463333
2019,"cdr",4.1077910942115246,3.4179167318027748,5.161798326134259
2020,"cdr",3.0995000176737446,2.4487116370735302,4.30417248082909
2021,"cdr",2.527458177089032,1.8075479505776706,4.140147195827325
2022,"cdr",3.651789859067204,2.284998593526946,8.10290993889014
2023,"cdr",6.121805133576519,3.1905687610795073,31.36730668018111
2004,"ipr",0.07042822390873187,0.060912738616778934,0.08135983533042476
2005,"ipr",0.06576741524157231,0.056662667564030794,0.0764390133045673
2006,"ipr",0.06324872374802691,0.05435118338548302,0.07413147233619674
2007,"ipr",0.058868988824749786,0.050726891907129874,0.06927986614487468
2008,"ipr",0.055325112159995235,0.04766827796975746,0.06567071249244205
2009,"ipr",0.05190662009995597,0.04444785844494181,0.0622867587684947
2010,"ipr",0.04852238021742953,0.04130166600196095,0.058531450235015714
2011,"ipr",0.04536628897072067,0.038360179716725014,0.05456863928727806
2012,"ipr",0.042361580410070106,0.035630961312361015,0.05129396610923547
2013,"ipr",0.03923750568854454,0.03269450239315274,0.04780088919058211
2014,"ipr",0.036040850811363274,0.02960669832113025,0.04369738443660533
2015,"ipr",0.03272406268907263,0.026363380111342,0.040249036300746374
2016,"ipr",0.029566410413035447,0.023293444234304583,0.037649858796470724
2017,"ipr",0.02662920765900128,0.02048012775519248,0.034389122701087856
2018,"ipr",0.023540066103668076,0.017581390224851074,0.030840662931100375
2019,"ipr",0.020559451413804917,0.014795150286033286,0.027680311236833087
2020,"ipr",0.01746591544469359,0.01147173296684169,0.024579423258446222
2021,"ipr",0.014557009758492733,0.008164200761537073,0.022387931778141235
2022,"ipr",0.011872160134128146,0.004934087349961735,0.020853958798744698
2023,"ipr",0.009068647884082697,0.0016448202170171184,0.01904334605271448
2004,"imr",14.611896611127131,9.311187125471957,23.113259367360804
2005,"imr",9.853225193805168,6.747457117262811,14.523768585415663
2006,"imr",8.794397699890304,6.141884919042642,12.78189528837264
2007,"imr",8.719824550356277,6.0401232006802,12.884036974077079
2008,"imr",9.523453237114802,6.395832998073867,14.641011280080052
2009,"imr",11.830362005685654,7.497485957298332,19.44941546244975
2010,"imr",7.585728625213492,5.301828140795591,11.24232730153895
2011,"imr",8.162148185352315,5.579612809838456,12.280286674571338
2012,"imr",10.533036312806516,6.732758587030728,17.04111730444605
2013,"imr",7.725074963053971,5.191255651990725,11.811302321850293
2014,"imr",5.087077343267726,3.6055029717611906,7.216179765521163
2015,"imr",10.253630094090823,5.833234548351357,18.357595879755817
2016,"imr",5.886641629959671,3.718919147924952,9.495558053022904
2017,"imr",3.8598346600644673,2.544368009421881,5.8745959090553335
2018,"imr",4.247380576884756,2.544272664945175,7.023670297818525
2019,"imr",3.839730948360638,2.1250492800691605,6.7999092855721015
2020,"imr",3.766892148476571,1.7438967262934546,7.648217132395476
2021,"imr",1.873840035018617,0.8001856716788174,3.8238909962369996
2022,"imr",1.7531758048577653,0.502025342664296,4.560677741910094
2023,"imr",1.137535593132155,0.1415029464616537,3.542890620903419
2004,"diagnoses_indicators",114.08772954253969,113.09566232912631,115.07979675595308
2005,"diagnoses_indicators",87.38529251915432,87.38529251915432,87.38529251915432
2006,"diagnoses_indicators",125.9710421011669,125.11796506662175,126.06582843833858
2007,"diagnoses_indicators",101.20944649484827,101.20944649484827,101.20944649484827
2008,"diagnoses_indicators",102.59663878254712,101.92980826121209,102.8824232916907
2009,"diagnoses_indicators",119.53855645692909,118.64151641315078,119.63822757290446
2010,"diagnoses_indicators",104.22173696041084,102.53260656220168,105.3478238925503
2011,"diagnoses_indicators",113.49295387757115,113.49295387757115,113.49295387757115
2012,"diagnoses_indicators",105.51181767335693,104.9123283818124,105.91147720105329
2013,"diagnoses_indicators",104.41145298896713,104.41145298896713,104.41145298896713
2014,"diagnoses_indicators",377.12614442989513,377.12614442989513,377.12614442989513
2015,"diagnoses_indicators",382.7520975792816,382.7520975792816,382.7520975792816
2016,"diagnoses_indicators",315.85433172601427,315.85433172601427,315.85433172601427
2017,"diagnoses_indicators",338,338,338
2018,"diagnoses_indicators",273,273,273
2019,"diagnoses_indicators",278.4,278,279
2020,"diagnoses_indicators",188,188,188
2021,"diagnoses_indicators",133.7,133,134
2022,"diagnoses_indicators",162.5,162,163
2023,"diagnoses_indicators",217,217,217
2004,"ydfoffest",489.16479995501714,446.4194737456866,533.9662450640583
2005,"ydfoffest",464.56971292635706,424.5677852292199,506.94441865844885
2006,"ydfoffest",513.761315543328,475.28708702751766,554.0620630432928
2007,"ydfoffest",489.5981498707922,451.68875807251607,525.8228431419273
2008,"ydfoffest",489.8522658216321,448.42005167173096,528.5213723482661
2009,"ydfoffest",505.4627524444699,466.3435159279336,544.5951420102064
2010,"ydfoffest",484.6870828126894,444.696252357263,526.8814409270161
2011,"ydfoffest",485.67836931779397,444.13842083151667,527.7401678453111
2012,"ydfoffest",470.25889326464454,425.30675021297,518.381811885161
2013,"ydfoffest",461.86770875905165,419.19398947867825,510.4476451885401
2014,"ydfoffest",728.9105479692162,686.4220818015615,778.7632064658558
2015,"ydfoffest",729.092454624175,688.9861518016164,777.509376253167
2016,"ydfoffest",654.5619493301554,616.3265446883727,697.7630446381024
2017,"ydfoffest",672.7119491608064,630.4736587698961,715.37820542812506
2018,"ydfoffest",600.6132614589362,554.510448221296,637.6053899964837
2019,"ydfoffest",601.5086765838976,550.4437944053539,639.7731051029164
2020,"ydfoffest",505.274137698942,446.1351374050858,556.6986357619635
2021,"ydfoffest",446.7725253677794,372.864263542652,519.5513768800004
2022,"ydfoffest",451.8213993073643,360.91899468726933,537.0552810528059
2023,"ydfoffest",449.8891069407532,336.0997251849036,560.9997458875066
2004,"iproffset",1473.405181060294,1350.1706407574472,1601.3046402929554
2005,"iproffset",1595.4110346984578,1461.7523456876404,1738.7568964815505
2006,"iproffset",1671.611611029515,1527.689838485814,1825.668896594866
2007,"iproffset",1802.6495293798016,1646.5824971637776,1969.0899490327463
2008,"iproffset",1916.8826209210008,1745.3636887705666,2095.0901575123157
2009,"iproffset",2031.9098757903805,1839.745674131333,2229.7050176841144
2010,"iproffset",2150.2238046130024,1942.211350368901,2367.262933058388
2011,"iproffset",2262.295293014566,2033.769917108296,2502.870886137675
2012,"iproffset",2369.042066620902,2117.3122345172997,2631.5944489398557
2013,"iproffset",2484.871790116499,2210.2904106816545,2775.0625750157183
2014,"iproffset",2609.7130861945443,2315.581866159416,2924.3216876435135
2015,"iproffset",2750.808047744607,2434.2243691977083,3091.1709976422917
2016,"iproffset",2887.6382288990467,2550.8405096330034,3251.362840041635
2017,"iproffset",3009.0136374341214,2660.0550643621464,3381.4399415766316
2018,"iproffset",3154.7147180027782,2796.2021825749102,3528.337816671461
2019,"iproffset",3296.4717606469053,2938.409698651412,3653.2869862784983
2020,"iproffset",3472.760657296546,3123.5503857324156,3807.4933513750752
2021,"iproffset",3633.9191137203225,3286.6074780449876,3964.380586092601
2022,"iproffset",3748.1575801932063,3399.699773276029,4076.991056949166
2023,"iproffset",3908.74818970717,3571.4811783460336,4205.949640226243
2004,"imroffset",7.101700262577717,4.752668555051274,10.475554801510444
2005,"imroffset",10.648905098197512,7.69324478993702,14.601442037762355
2006,"imroffset",12.02211960477052,8.860180313245134,16.155832665042333
2007,"imroffset",12.169987410545332,8.853980722775093,16.537048944424097
2008,"imroffset",11.13584992329202,7.828644811984142,15.61475104651358
2009,"imroffset",8.91516032639673,5.891786065305563,13.218512654035305
2010,"imroffset",13.753982267862058,10.111825065299282,18.44116791483331
2011,"imroffset",12.574133631166111,9.03725295190423,17.207390597194458
2012,"imroffset",9.527771766815466,6.373135050931474,13.926867982556413
2013,"imroffset",12.621258883092448,8.945147971070547,17.477330357484405
2014,"imroffset",18.489256925585128,14.021944337287762,24.01315729819195
2015,"imroffset",8.779097175728744,5.337037902007853,13.970587900161243
2016,"imroffset",14.503532296832706,10.114074861500754,20.36490603520062
2017,"imroffset",20.75934749978687,15.571617421207442,27.217887406049876
2018,"imroffset",17.484233318801785,12.278014961320748,24.381460703755476
2019,"imroffset",17.650624981663302,11.961350009856329,25.43514190797537
2020,"imroffset",16.102118565972333,10.038295941521408,25.04652158665156
2021,"imroffset",28.23026246179783,19.24227026147154,40.44811116411896
2022,"imroffset",25.381782521012017,15.54532089572875,40.07014843760928
2023,"imroffset",31.16127637149186,19.19702279226928,48.889660413359216
