"year","indicator","value"
2004,"infected","15,580 (14,410‒16,840)"
2005,"infected","16,300 (14,990‒17,680)"
2006,"infected","17,090 (15,630‒18,600)"
2007,"infected","17,860 (16,250‒19,510)"
2008,"infected","18,470 (16,720‒20,270)"
2009,"infected","19,300 (17,390‒21,260)"
2010,"infected","20,070 (17,990‒22,220)"
2011,"infected","20,910 (18,640‒23,240)"
2012,"infected","21,860 (19,410‒24,390)"
2013,"infected","22,680 (20,030‒25,420)"
2014,"infected","23,540 (20,710‒26,480)"
2015,"infected","24,500 (21,500‒27,640)"
2016,"infected","25,440 (22,240‒28,800)"
2017,"infected","26,280 (22,890‒29,880)"
2018,"infected","27,040 (23,470‒30,870)"
2019,"infected","27,920 (24,150‒31,980)"
2020,"infected","28,640 (24,690‒32,890)"
2021,"infected","29,060 (24,870‒33,550)"
2022,"infected","29,480 (25,340‒34,310)"
2023,"infected","30,010 (26,700‒35,220)"
2004,"pldhiv","12,930 (11,890‒14,040)"
2005,"pldhiv","13,600 (12,430‒14,840)"
2006,"pldhiv","14,350 (13,030‒15,730)"
2007,"pldhiv","15,100 (13,620‒16,630)"
2008,"pldhiv","15,730 (14,090‒17,420)"
2009,"pldhiv","16,560 (14,770‒18,420)"
2010,"pldhiv","17,350 (15,390‒19,400)"
2011,"pldhiv","18,220 (16,090‒20,450)"
2012,"pldhiv","19,190 (16,890‒21,610)"
2013,"pldhiv","20,050 (17,560‒22,660)"
2014,"pldhiv","20,920 (18,250‒23,740)"
2015,"pldhiv","21,880 (19,310‒24,900)"
2016,"pldhiv","22,800 (20,360‒26,050)"
2017,"pldhiv","23,640 (21,500‒27,110)"
2018,"pldhiv","24,410 (22,190‒28,100)"
2019,"pldhiv","25,300 (23,260‒29,210)"
2020,"pldhiv","26,000 (24,180‒30,040)"
2021,"pldhiv","26,350 (24,470‒30,560)"
2022,"pldhiv","26,820 (25,340‒31,290)"
2023,"pldhiv","27,650 (26,700‒32,390)"
2004,"numART","7,600 (6,000‒9,300)"
2005,"numART","8,450 (6,380‒9,830)"
2006,"numART","9,460 (6,890‒10,460)"
2007,"numART","9,930 (7,530‒11,180)"
2008,"numART","10,200 (8,350‒12,010)"
2009,"numART","10,900 (9,370‒12,940)"
2010,"numART","12,400 (10,580‒13,970)"
2011,"numART","13,620 (11,990‒15,100)"
2012,"numART","14,980 (13,560‒16,310)"
2013,"numART","16,510 (15,660‒17,370)"
2014,"numART","17,900 (17,850‒18,210)"
2015,"numART","19,380 (19,310‒19,700)"
2016,"numART","20,430 (20,360‒20,820)"
2017,"numART","21,610 (21,500‒21,990)"
2018,"numART","22,300 (22,190‒22,720)"
2019,"numART","23,390 (23,260‒23,800)"
2020,"numART","24,240 (24,180‒24,640)"
2021,"numART","24,700 (24,470‒24,890)"
2022,"numART","25,400 (25,340‒25,780)"
2023,"numART","26,700 (26,700‒27,070)"
2004,"suppressed","4,570 (3,460‒5,810)"
2005,"suppressed","5,590 (4,070‒6,730)"
2006,"suppressed","6,930 (4,900‒7,880)"
2007,"suppressed","7,600 (5,610‒8,780)"
2008,"suppressed","8,190 (6,550‒9,870)"
2009,"suppressed","8,970 (7,540‒10,890)"
2010,"suppressed","10,560 (8,840‒12,130)"
2011,"suppressed","11,770 (10,190‒13,280)"
2012,"suppressed","13,380 (11,930‒14,790)"
2013,"suppressed","15,250 (14,280‒16,250)"
2014,"suppressed","16,720 (16,470‒17,210)"
2015,"suppressed","18,360 (18,090‒18,870)"
2016,"suppressed","19,370 (19,090‒19,940)"
2017,"suppressed","20,910 (20,630‒21,460)"
2018,"suppressed","21,690 (21,420‒22,280)"
2019,"suppressed","22,660 (22,340‒23,260)"
2020,"suppressed","23,400 (23,100‒24,030)"
2021,"suppressed","24,130 (23,690‒24,540)"
2022,"suppressed","25,000 (24,760‒25,560)"
2023,"suppressed","26,040 (25,780‒26,650)"
2004,"undiagnosed","2,650 (0‒0)"
2005,"undiagnosed","2,700 (0‒0)"
2006,"undiagnosed","2,740 (0‒0)"
2007,"undiagnosed","2,760 (0‒0)"
2008,"undiagnosed","2,750 (0‒0)"
2009,"undiagnosed","2,740 (0‒0)"
2010,"undiagnosed","2,710 (0‒0)"
2011,"undiagnosed","2,680 (0‒0)"
2012,"undiagnosed","2,660 (0‒0)"
2013,"undiagnosed","2,630 (0‒0)"
2014,"undiagnosed","2,620 (0‒0)"
2015,"undiagnosed","2,620 (0‒0)"
2016,"undiagnosed","2,630 (0‒0)"
2017,"undiagnosed","2,640 (0‒0)"
2018,"undiagnosed","2,630 (0‒0)"
2019,"undiagnosed","2,620 (0‒0)"
2020,"undiagnosed","2,640 (0‒0)"
2021,"undiagnosed","2,720 (0‒0)"
2022,"undiagnosed","2,660 (0‒0)"
2023,"undiagnosed","2,360 (0‒0)"
2004,"noART","5,330 (0‒0)"
2005,"noART","5,150 (0‒0)"
2006,"noART","4,890 (0‒0)"
2007,"noART","5,160 (0‒0)"
2008,"noART","5,530 (0‒0)"
2009,"noART","5,660 (0‒0)"
2010,"noART","4,950 (0‒0)"
2011,"noART","4,610 (0‒0)"
2012,"noART","4,210 (0‒0)"
2013,"noART","3,540 (0‒0)"
2014,"noART","3,010 (0‒0)"
2015,"noART","2,500 (0‒0)"
2016,"noART","2,370 (0‒0)"
2017,"noART","2,040 (0‒0)"
2018,"noART","2,120 (0‒0)"
2019,"noART","1,910 (0‒0)"
2020,"noART","1,760 (0‒0)"
2021,"noART","1,640 (0‒0)"
2022,"noART","1,430 (0‒0)"
2023,"noART","950 (0‒0)"
2004,"unsuppressed","3,030 (0‒0)"
2005,"unsuppressed","2,860 (0‒0)"
2006,"unsuppressed","2,530 (0‒0)"
2007,"unsuppressed","2,330 (0‒0)"
2008,"unsuppressed","2,010 (0‒0)"
2009,"unsuppressed","1,930 (0‒0)"
2010,"unsuppressed","1,840 (0‒0)"
2011,"unsuppressed","1,840 (0‒0)"
2012,"unsuppressed","1,600 (0‒0)"
2013,"unsuppressed","1,260 (0‒0)"
2014,"unsuppressed","1,180 (0‒0)"
2015,"unsuppressed","1,020 (0‒0)"
2016,"unsuppressed","1,070 (0‒0)"
2017,"unsuppressed","700 (0‒0)"
2018,"unsuppressed","600 (0‒0)"
2019,"unsuppressed","730 (0‒0)"
2020,"unsuppressed","840 (0‒0)"
2021,"unsuppressed","570 (0‒0)"
2022,"unsuppressed","400 (0‒0)"
2023,"unsuppressed","670 (0‒0)"
2004,"diagnoses_exclude","890 (0‒0)"
2005,"diagnoses_exclude","960 (0‒0)"
2006,"diagnoses_exclude","980 (0‒0)"
2007,"diagnoses_exclude","950 (0‒0)"
2008,"diagnoses_exclude","900 (0‒0)"
2009,"diagnoses_exclude","950 (0‒0)"
2010,"diagnoses_exclude","910 (0‒0)"
2011,"diagnoses_exclude","980 (0‒0)"
2012,"diagnoses_exclude","1,070 (0‒0)"
2013,"diagnoses_exclude","1,040 (0‒0)"
2014,"diagnoses_exclude","1,080 (0‒0)"
2015,"diagnoses_exclude","1,030 (0‒0)"
2016,"diagnoses_exclude","1,010 (0‒0)"
2017,"diagnoses_exclude","960 (0‒0)"
2018,"diagnoses_exclude","840 (0‒0)"
2019,"diagnoses_exclude","900 (0‒0)"
2020,"diagnoses_exclude","630 (0‒0)"
2021,"diagnoses_exclude","540 (0‒0)"
2022,"diagnoses_exclude","550 (0‒0)"
2023,"diagnoses_exclude","720 (0‒0)"
2004,"diagnoses_include","920 (0‒0)"
2005,"diagnoses_include","980 (0‒0)"
2006,"diagnoses_include","1,020 (0‒0)"
2007,"diagnoses_include","1,060 (0‒0)"
2008,"diagnoses_include","1,020 (0‒0)"
2009,"diagnoses_include","1,080 (0‒0)"
2010,"diagnoses_include","1,070 (0‒0)"
2011,"diagnoses_include","1,150 (0‒0)"
2012,"diagnoses_include","1,260 (0‒0)"
2013,"diagnoses_include","1,250 (0‒0)"
2014,"diagnoses_include","1,340 (0‒0)"
2015,"diagnoses_include","1,250 (0‒0)"
2016,"diagnoses_include","1,270 (0‒0)"
2017,"diagnoses_include","1,250 (0‒0)"
2018,"diagnoses_include","1,130 (0‒0)"
2019,"diagnoses_include","1,240 (0‒0)"
2020,"diagnoses_include","950 (0‒0)"
2021,"diagnoses_include","730 (0‒0)"
2022,"diagnoses_include","890 (0‒0)"
2023,"diagnoses_include","1,300 (0‒0)"
2004,"diagnoses_os","20 (0‒0)"
2005,"diagnoses_os","20 (0‒0)"
2006,"diagnoses_os","40 (0‒0)"
2007,"diagnoses_os","100 (0‒0)"
2008,"diagnoses_os","120 (0‒0)"
2009,"diagnoses_os","130 (0‒0)"
2010,"diagnoses_os","160 (0‒0)"
2011,"diagnoses_os","170 (0‒0)"
2012,"diagnoses_os","190 (0‒0)"
2013,"diagnoses_os","210 (0‒0)"
2014,"diagnoses_os","260 (0‒0)"
2015,"diagnoses_os","220 (0‒0)"
2016,"diagnoses_os","260 (0‒0)"
2017,"diagnoses_os","290 (0‒0)"
2018,"diagnoses_os","290 (0‒0)"
2019,"diagnoses_os","340 (0‒0)"
2020,"diagnoses_os","320 (0‒0)"
2021,"diagnoses_os","190 (0‒0)"
2022,"diagnoses_os","340 (0‒0)"
2023,"diagnoses_os","580 (0‒0)"
2004,"infections","910 (890‒930)"
2005,"infections","940 (920‒960)"
2006,"infections","960 (940‒980)"
2007,"infections","980 (960‒1,000)"
2008,"infections","990 (970‒1,010)"
2009,"infections","1,000 (980‒1,030)"
2010,"infections","1,000 (970‒1,030)"
2011,"infections","1,000 (970‒1,030)"
2012,"infections","990 (960‒1,020)"
2013,"infections","970 (940‒1,000)"
2014,"infections","940 (920‒980)"
2015,"infections","910 (890‒940)"
2016,"infections","880 (860‒900)"
2017,"infections","830 (800‒860)"
2018,"infections","780 (740‒820)"
2019,"infections","720 (660‒770)"
2020,"infections","650 (570‒720)"
2021,"infections","570 (470‒670)"
2022,"infections","480 (360‒600)"
2023,"infections","380 (230‒540)"
2004,"propdiagnosed","83% (0‒0%)"
2005,"propdiagnosed","83·5% (0‒0%)"
2006,"propdiagnosed","84% (0‒0%)"
2007,"propdiagnosed","84·5% (0‒0%)"
2008,"propdiagnosed","85·1% (0‒0%)"
2009,"propdiagnosed","85·8% (0‒0%)"
2010,"propdiagnosed","86·5% (0‒0%)"
2011,"propdiagnosed","87·2% (0‒0%)"
2012,"propdiagnosed","87·8% (0‒0%)"
2013,"propdiagnosed","88·4% (0‒0%)"
2014,"propdiagnosed","88·9% (0‒0%)"
2015,"propdiagnosed","89·3% (0‒0%)"
2016,"propdiagnosed","89·7% (0‒0%)"
2017,"propdiagnosed","90% (0‒0%)"
2018,"propdiagnosed","90·3% (0‒0%)"
2019,"propdiagnosed","90·6% (0‒0%)"
2020,"propdiagnosed","90·8% (0‒0%)"
2021,"propdiagnosed","90·7% (0‒0%)"
2022,"propdiagnosed","91% (0‒0%)"
2023,"propdiagnosed","92·1% (0‒0%)"
2004,"proptreated","58·8% (0‒0%)"
2005,"proptreated","62·1% (0‒0%)"
2006,"proptreated","66% (0‒0%)"
2007,"proptreated","65·8% (0‒0%)"
2008,"proptreated","64·9% (0‒0%)"
2009,"proptreated","65·8% (0‒0%)"
2010,"proptreated","71·5% (0‒0%)"
2011,"proptreated","74·7% (0‒0%)"
2012,"proptreated","78·1% (0‒0%)"
2013,"proptreated","82·4% (0‒0%)"
2014,"proptreated","85·6% (0‒0%)"
2015,"proptreated","88·6% (0‒0%)"
2016,"proptreated","89·6% (0‒0%)"
2017,"proptreated","91·4% (0‒0%)"
2018,"proptreated","91·3% (0‒0%)"
2019,"proptreated","92·5% (0‒0%)"
2020,"proptreated","93·2% (0‒0%)"
2021,"proptreated","93·8% (0‒0%)"
2022,"proptreated","94·7% (0‒0%)"
2023,"proptreated","96·6% (0‒0%)"
2004,"propsuppressed","60·1% (0‒0%)"
2005,"propsuppressed","66·1% (0‒0%)"
2006,"propsuppressed","73·3% (0‒0%)"
2007,"propsuppressed","76·5% (0‒0%)"
2008,"propsuppressed","80·3% (0‒0%)"
2009,"propsuppressed","82·3% (0‒0%)"
2010,"propsuppressed","85·1% (0‒0%)"
2011,"propsuppressed","86·5% (0‒0%)"
2012,"propsuppressed","89·3% (0‒0%)"
2013,"propsuppressed","92·4% (0‒0%)"
2014,"propsuppressed","93·4% (0‒0%)"
2015,"propsuppressed","94·7% (0‒0%)"
2016,"propsuppressed","94·8% (0‒0%)"
2017,"propsuppressed","96·8% (0‒0%)"
2018,"propsuppressed","97·3% (0‒0%)"
2019,"propsuppressed","96·9% (0‒0%)"
2020,"propsuppressed","96·5% (0‒0%)"
2021,"propsuppressed","97·7% (0‒0%)"
2022,"propsuppressed","98·4% (0‒0%)"
2023,"propsuppressed","97·5% (0‒0%)"
2004,"propoverall","29·3% (0‒0%)"
2005,"propoverall","34·3% (0‒0%)"
2006,"propoverall","40·6% (0‒0%)"
2007,"propoverall","42·6% (0‒0%)"
2008,"propoverall","44·4% (0‒0%)"
2009,"propoverall","46·5% (0‒0%)"
2010,"propoverall","52·6% (0‒0%)"
2011,"propoverall","56·3% (0‒0%)"
2012,"propoverall","61·2% (0‒0%)"
2013,"propoverall","67·2% (0‒0%)"
2014,"propoverall","71% (0‒0%)"
2015,"propoverall","74·9% (0‒0%)"
2016,"propoverall","76·1% (0‒0%)"
2017,"propoverall","79·6% (0‒0%)"
2018,"propoverall","80·2% (0‒0%)"
2019,"propoverall","81·2% (0‒0%)"
2020,"propoverall","81·7% (0‒0%)"
2021,"propoverall","83% (0‒0%)"
2022,"propoverall","84·8% (0‒0%)"
2023,"propoverall","86·8% (0‒0%)"
2004,"ydf","0·25 (0·24‒0·26)"
2005,"ydf","0·26 (0·25‒0·27)"
2006,"ydf","0·27 (0·26‒0·28)"
2007,"ydf","0·25 (0·25‒0·26)"
2008,"ydf","0·23 (0·22‒0·24)"
2009,"ydf","0·26 (0·25‒0·27)"
2010,"ydf","0·25 (0·25‒0·26)"
2011,"ydf","0·27 (0·26‒0·28)"
2012,"ydf","0·29 (0·28‒0·3)"
2013,"ydf","0·27 (0·26‒0·28)"
2014,"ydf","0·31 (0·3‒0·32)"
2015,"ydf","0·3 (0·29‒0·32)"
2016,"ydf","0·3 (0·29‒0·31)"
2017,"ydf","0·29 (0·28‒0·3)"
2018,"ydf","0·26 (0·25‒0·27)"
2019,"ydf","0·27 (0·26‒0·28)"
2020,"ydf","0·21 (0·19‒0·22)"
2021,"ydf","0·18 (0·16‒0·19)"
2022,"ydf","0·18 (0·16‒0·2)"
2023,"ydf","0·25 (0·22‒0·29)"
2004,"cdr","0·95 (0·93‒0·98)"
2005,"cdr","0·99 (0·97‒1·01)"
2006,"cdr","1·04 (1·02‒1·06)"
2007,"cdr","0·96 (0·95‒0·98)"
2008,"cdr","0·83 (0·81‒0·85)"
2009,"cdr","0·96 (0·94‒0·99)"
2010,"cdr","0·91 (0·89‒0·94)"
2011,"cdr","0·98 (0·95‒1·01)"
2012,"cdr","1·12 (1·08‒1·16)"
2013,"cdr","0·99 (0·96‒1·02)"
2014,"cdr","1·23 (1·19‒1·26)"
2015,"cdr","1·25 (1·21‒1·28)"
2016,"cdr","1·29 (1·25‒1·32)"
2017,"cdr","1·3 (1·25‒1·35)"
2018,"cdr","1·21 (1·14‒1·28)"
2019,"cdr","1·38 (1·28‒1·5)"
2020,"cdr","1·06 (0·95‒1·19)"
2021,"cdr","1·02 (0·87‒1·22)"
2022,"cdr","1·23 (0·98‒1·65)"
2023,"cdr","2·04 (1·46‒3·38)"
2004,"ipr","6·1% (5·6‒6·7%)"
2005,"ipr","6% (5·4‒6·6%)"
2006,"ipr","5·9% (5·3‒6·5%)"
2007,"ipr","5·7% (5·2‒6·4%)"
2008,"ipr","5·6% (5‒6·2%)"
2009,"ipr","5·4% (4·8‒6·1%)"
2010,"ipr","5·2% (4·6‒5·9%)"
2011,"ipr","5% (4·3‒5·7%)"
2012,"ipr","4·7% (4·1‒5·5%)"
2013,"ipr","4·4% (3·9‒5·2%)"
2014,"ipr","4·2% (3·6‒4·9%)"
2015,"ipr","3·9% (3·4‒4·6%)"
2016,"ipr","3·6% (3·1‒4·2%)"
2017,"ipr","3·3% (2·8‒3·9%)"
2018,"ipr","3% (2·5‒3·6%)"
2019,"ipr","2·6% (2·1‒3·3%)"
2020,"ipr","2·3% (1·8‒3%)"
2021,"ipr","2% (1·4‒2·7%)"
2022,"ipr","1·7% (1·1‒2·4%)"
2023,"ipr","1·3% (0·7‒2·1%)"
2004,"imr","7·93 (5·27‒12·1)"
2005,"imr","5·67 (4·07‒7·98)"
2006,"imr","5·23 (3·84‒7·21)"
2007,"imr","5·5 (4‒7·65)"
2008,"imr","6·29 (4·44‒9·05)"
2009,"imr","8·23 (5·5‒12·65)"
2010,"imr","5·48 (4·03‒7·59)"
2011,"imr","6·11 (4·38‒8·68)"
2012,"imr","8·11 (5·45‒12·41)"
2013,"imr","6·1 (4·33‒8·82)"
2014,"imr","4·16 (3·16‒5·6)"
2015,"imr","8·7 (5·42‒14·61)"
2016,"imr","5·14 (3·64‒7·52)"
2017,"imr","3·46 (2·59‒4·72)"
2018,"imr","3·93 (2·75‒5·77)"
2019,"imr","3·69 (2·46‒5·65)"
2020,"imr","3·76 (2·27‒6·38)"
2021,"imr","1·94 (1·21‒3·14)"
2022,"imr","1·88 (0·96‒3·58)"
2023,"imr","1·28 (0·54‒2·63)"
2004,"diagnoses_indicators","870 (870‒870)"
2005,"diagnoses_indicators","930 (930‒930)"
2006,"diagnoses_indicators","1,000 (1,000‒1,000)"
2007,"diagnoses_indicators","940 (940‒940)"
2008,"diagnoses_indicators","830 (830‒830)"
2009,"diagnoses_indicators","970 (970‒970)"
2010,"diagnoses_indicators","920 (920‒920)"
2011,"diagnoses_indicators","980 (980‒980)"
2012,"diagnoses_indicators","1,110 (1,110‒1,110)"
2013,"diagnoses_indicators","960 (960‒960)"
2014,"diagnoses_indicators","1,160 (1,160‒1,160)"
2015,"diagnoses_indicators","1,140 (1,140‒1,140)"
2016,"diagnoses_indicators","1,130 (1,130‒1,130)"
2017,"diagnoses_indicators","1,080 (1,080‒1,080)"
2018,"diagnoses_indicators","940 (940‒940)"
2019,"diagnoses_indicators","990 (990‒990)"
2020,"diagnoses_indicators","680 (680‒680)"
2021,"diagnoses_indicators","580 (580‒580)"
2022,"diagnoses_indicators","590 (590‒590)"
2023,"diagnoses_indicators","780 (780‒780)"
2004,"ydfoffest","3,520 (3,380‒3,670)"
2005,"ydfoffest","3,620 (3,490‒3,770)"
2006,"ydfoffest","3,740 (3,600‒3,860)"
2007,"ydfoffest","3,710 (3,580‒3,820)"
2008,"ydfoffest","3,570 (3,450‒3,670)"
2009,"ydfoffest","3,710 (3,590‒3,810)"
2010,"ydfoffest","3,630 (3,510‒3,730)"
2011,"ydfoffest","3,660 (3,520‒3,770)"
2012,"ydfoffest","3,770 (3,630‒3,880)"
2013,"ydfoffest","3,600 (3,430‒3,720)"
2014,"ydfoffest","3,780 (3,620‒3,900)"
2015,"ydfoffest","3,760 (3,610‒3,880)"
2016,"ydfoffest","3,770 (3,630‒3,890)"
2017,"ydfoffest","3,720 (3,590‒3,840)"
2018,"ydfoffest","3,570 (3,450‒3,700)"
2019,"ydfoffest","3,610 (3,500‒3,760)"
2020,"ydfoffest","3,320 (3,170‒3,530)"
2021,"ydfoffest","3,300 (3,060‒3,570)"
2022,"ydfoffest","3,250 (2,910‒3,610)"
2023,"ydfoffest","3,140 (2,680‒3,620)"
2004,"iproffset","14,830 (13,790‒15,970)"
2005,"iproffset","15,580 (14,410‒16,840)"
2006,"iproffset","16,300 (14,990‒17,680)"
2007,"iproffset","17,090 (15,630‒18,600)"
2008,"iproffset","17,860 (16,250‒19,510)"
2009,"iproffset","18,470 (16,720‒20,270)"
2010,"iproffset","19,300 (17,390‒21,260)"
2011,"iproffset","20,070 (17,990‒22,220)"
2012,"iproffset","20,910 (18,640‒23,240)"
2013,"iproffset","21,860 (19,410‒24,390)"
2014,"iproffset","22,680 (20,030‒25,420)"
2015,"iproffset","23,540 (20,710‒26,480)"
2016,"iproffset","24,500 (21,500‒27,640)"
2017,"iproffset","25,440 (22,240‒28,800)"
2018,"iproffset","26,280 (22,890‒29,880)"
2019,"iproffset","27,040 (23,470‒30,870)"
2020,"iproffset","27,920 (24,150‒31,980)"
2021,"iproffset","28,640 (24,690‒32,890)"
2022,"iproffset","29,060 (24,870‒33,550)"
2023,"iproffset","29,480 (25,340‒34,310)"
2004,"imroffset","110 (80‒170)"
2005,"imroffset","170 (120‒230)"
2006,"imroffset","180 (140‒250)"
2007,"imroffset","180 (130‒240)"
2008,"imroffset","160 (110‒220)"
2009,"imroffset","120 (80‒180)"
2010,"imroffset","180 (140‒240)"
2011,"imroffset","160 (120‒220)"
2012,"imroffset","120 (80‒180)"
2013,"imroffset","160 (110‒220)"
2014,"imroffset","230 (170‒290)"
2015,"imroffset","110 (60‒160)"
2016,"imroffset","170 (120‒240)"
2017,"imroffset","240 (180‒310)"
2018,"imroffset","200 (140‒270)"
2019,"imroffset","190 (140‒270)"
2020,"imroffset","170 (110‒250)"
2021,"imroffset","290 (210‒390)"
2022,"imroffset","260 (170‒370)"
2023,"imroffset","300 (200‒430)"
