"indicator","breakpoints","breakpoints_low","breakpoints_up","rate_ratio","rate_ratio_low","rate_ratio_up","valueStart","valueStart_low","valueStart_up","valueEnd","valueEnd_low","valueEnd_up"
"People living with HIV",2015.43,2015.25,2015.61,1.0399191814609599,1.0397434499690223,1.0400949426540294,14137.568130723072,13105.804644303593,15242.658525890534,25652.94444880145,23077.7388888889,30950.567682047797
"People living with HIV",2019.66,2019.51,2019.82,1.026243450714554,1.0254391911601344,1.027049368104555,0,0,0,0,0,0
"People living with HIV",0,0,0,1.0086501986049974,1.0078873424895922,1.0094136321157403,0,0,0,0,0,0
"Diagnosed",2014.59,2014.42,2014.76,1.0468985172313832,1.046690205154193,1.0471079178741955,11820.534491972276,10919.86275358743,12765.853911073676,23489.996664712475,23077.7388888889,28244.94817579774
"Diagnosed",2018.81,2018.67,2018.96,1.0325206028622806,1.0316980117878858,1.033342816459757,0,0,0,0,0,0
"Diagnosed",0,0,0,1.0134547108287226,1.012912657570605,1.0139970541629217,0,0,0,0,0,0
"Receiving ART",2009,2008.56,2009.44,1.0728879163595286,1.0696591004494633,1.07612647860109,6561.30459559572,5179.0588941946,8033.33982441192,23077.7388888889,23077.7388888889,23383.4115086286
"Receiving ART",2015.32,2015.18,2015.46,1.1045102234340252,1.1026903869431444,1.1063319569783805,0,0,0,0,0,0
"Receiving ART",0,0,0,1.0321912813195464,1.0308874157565926,1.033496796010601,0,0,0,0,0,0
"Suppressed virus",2014.75,2014.57,2014.93,1.1340326536536183,1.1322196521957124,1.1358371998069468,3971.31593943951,3005.80901192372,5062.19995169256,22524.6776083273,22296.3582844389,23054.3682326141
"Suppressed virus",0,0,0,1.0391707091326803,1.0370363690081967,1.0413084006657043,0,0,0,0,0,0
"Undiagnosed",2019.62,2018.58,2020.67,0.9983349876735665,0.9970946287837293,0.9995769794984131,2317.033638750796,0,0,2162.947784088974,0,0
"Undiagnosed",2021.66,2021.26,2022.06,1.035234529915664,1.0024800702990202,1.069060259044455,0,0,0,0,0,0
"Undiagnosed",0,0,0,0.8997484992389432,0.8705674835787962,0.9299113685600697,0,0,0,0,0,0
"Diagnosed but untreated",2010.57,2010.47,2010.68,1.0043164893181151,1.0015415870254998,1.0070989791314846,5259.229896376556,0,0,412.2577758235748,0,0
"Diagnosed but untreated",2014.61,2014.36,2014.86,0.8243335807395697,0.8187798783969114,0.8299249532919202,0,0,0,0,0,0
"Diagnosed but untreated",2021.6,2021.55,2021.65,0.9023525334187043,0.899523590228931,0.90519942539982,0,0,0,0,0,0
"Diagnosed but untreated",0,0,0,0.47033973734032364,0.4562793716218556,0.4848285285206264,0,0,0,0,0,0
"On ART but unsuppressed",0,0,0,0.9091103356192625,0.899946356591396,0.9183578604154281,2589.9886561562093,0,0,553.0612805616001,0,0
"Diagnoses excluding OS",2015.29,2014.14,2016.45,1.0160910893402664,1.0062130212429066,1.026064899888502,775,0,0,619,0,0
"Diagnoses excluding OS",0,0,0,0.9174024740651466,0.9006396913204819,0.9344753781992204,0,0,0,0,0,0
"Diagnoses including OS",2010.94,2009.51,2012.37,1.0361013839450073,1.0294328299048283,1.042813136153823,790,0,0,1086,0,0
"Diagnoses including OS",2018.8,2018.63,2018.98,1.0081167637558925,1.0031259757038051,1.0131324834675448,0,0,0,0,0,0
"Diagnoses including OS",2021,2020.83,2021.16,0.752555899551377,0.7172936274273319,0.7895516707444294,0,0,0,0,0,0
"Diagnoses including OS",0,0,0,1.3338640089758516,1.300566579622734,1.3680002473339317,0,0,0,0,0,0
"Diagnoses overseas",2008.27,2007.54,2009,1.6218378799681403,1.4634987894667633,1.7973259913460944,15,0,0,467,0,0
"Diagnoses overseas",0,0,0,1.084892604428691,1.0689405310003375,1.1010816336538767,0,0,0,0,0,0
"Annual new infections",2012.44,2012.24,2012.64,1.011080943861382,1.0097241755081043,1.0124387253556504,800,776,823,360,198,513
"Annual new infections",2019.48,2019.32,2019.64,0.95331680633391,0.9513274061774073,0.9553103666911564,0,0,0,0,0,0
"Annual new infections",0,0,0,0.8521182250360032,0.8467413524271014,0.8575206659493242,0,0,0,0,0,0
"Percentage diagnosed",2014.49,2013.42,2015.55,1.0065089920128225,1.0060156216136757,1.0070026043707876,0.8361080479099138,0,0,0.9156842292156435,0,0
"Percentage diagnosed",0,0,0,1.0022937265751375,1.0017405129373722,1.0028471454417616,0,0,0,0,0,0
"Percentage diagnosed treated",2009.04,2008.71,2009.37,1.0220230036581788,1.019660776578509,1.0243907032605777,0.5550768114632822,0,0,0.9824496451954425,0,0
"Percentage diagnosed treated",2014.4,2014.2,2014.61,1.060672350532063,1.057894910444138,1.063458146081152,0,0,0,0,0,0
"Percentage diagnosed treated",0,0,0,1.0124356880440302,1.0114712964389132,1.0134009991524207,0,0,0,0,0,0
"Percentage treated suppressed",2009.51,2009.18,2009.83,1.0637814865028146,1.0594924789262685,1.0680867886315637,0.6052631578947362,0,0,0.9760348583877999,0,0
"Percentage treated suppressed",0,0,0,1.0097607281848573,1.0087650904055823,1.0107574497211693,0,0,0,0,0,0
"Percentage suppressed overall",2014.48,2014.25,2014.71,1.0903023030101964,1.088572276957259,1.092035078527002,0.28090516719132486,0,0,0.8780542776788219,0,0
"Percentage suppressed overall",0,0,0,1.0188148092589522,1.0167670146349288,1.020866728193424,0,0,0,0,0,0
"Yearly diagnosed fraction",2016,2014.26,2017.74,1.0184318068996265,1.008063939821471,1.028905895202712,0.2454005529273209,0.2330325383455223,0.256590329372751,0.2407906539499341,0.20226325468875375,0.28845558564644047
"Yearly diagnosed fraction",0,0,0,0.935125999452379,0.9106524120760756,0.960257309216635,0,0,0,0,0,0
"Case detection rate",2008.04,2007.06,2009.01,0.9675762943286786,0.9479713487702744,0.9875876763212654,0.9414591761701004,0.9143442420268117,0.9719993303885295,1.9051873780947388,1.3379530342130117,3.470841478447934
"Case detection rate",2018.65,2018.21,2019.1,1.0440642189783451,1.0367958044771515,1.0513835884015523,0,0,0,0,0,0
"Case detection rate",2021.51,2021.28,2021.74,0.8482753421168717,0.808665435995205,0.8898343118924916,0,0,0,0,0,0
"Case detection rate",0,0,0,1.6777942763124132,1.5220985383227688,1.8494346540833748,0,0,0,0,0,0
"Incidence prevalence ratio",2012.38,2012.16,2012.6,0.9704571789647831,0.9692167576514114,0.9716982160933114,0.05929780156110975,0.05349445387090499,0.06552047189501223,0.014183139581997404,0.006559476529281984,0.023231345003096197
"Incidence prevalence ratio",2019.49,2019.31,2019.68,0.921810138653479,0.9199794004545506,0.9236454436249977,0,0,0,0,0,0
"Incidence prevalence ratio",0,0,0,0.8420465341967586,0.8369926415407039,0.8471309430481909,0,0,0,0,0,0
"Incidence mortality ratio",2015,2013.35,2016.65,1.0066455845506328,0.9829804963282645,1.030880199569939,7.41991245404597,4.874708965143391,11.431218421050193,1.3612170099598175,0.5375015387203307,2.800355638963424
"Incidence mortality ratio",0,0,0,0.843293685731859,0.8068802587291166,0.8813504019980821,0,0,0,0,0,0
